INFO;SymPer;Pip/Y;Trd/Y;RF=MaxPrf/Y/DD;PF;DD/LastDD;iDD;MO/Spred;SD;MO/SD;iRF=MaxPrf/iDD;W/L*W%;  = ;RISK=PF*RF;Magic;FltLen;PicCnt;Target;Power;Days;Rev;LevTyp;fGlb;iFlt;iPic;A;a;Ak;PicVal;iSignal;iParam;D;Stp;Prf;oImp;oFlt;oGlb;oPic;Trl;Wknd;tk;T0;T1;tp; ;start;03.01.2022;04.01.2022;05.01.2022;06.01.2022;07.01.2022;10.01.2022;11.01.2022;12.01.2022;13.01.2022;14.01.2022;17.01.2022;18.01.2022;19.01.2022;20.01.2022;21.01.2022;24.01.2022;25.01.2022;26.01.2022;27.01.2022;28.01.2022;31.01.2022;01.02.2022;02.02.2022;03.02.2022;04.02.2022;07.02.2022;08.02.2022;09.02.2022;10.02.2022;11.02.2022;14.02.2022;15.02.2022;16.02.2022;17.02.2022;18.02.2022;21.02.2022;22.02.2022;23.02.2022;24.02.2022;25.02.2022;28.02.2022;01.03.2022;02.03.2022;03.03.2022;04.03.2022;07.03.2022;08.03.2022;09.03.2022;10.03.2022;11.03.2022;14.03.2022;15.03.2022;16.03.2022;17.03.2022;18.03.2022;21.03.2022;22.03.2022;23.03.2022;24.03.2022;25.03.2022;28.03.2022;29.03.2022;30.03.2022;31.03.2022;01.04.2022;04.04.2022;05.04.2022;06.04.2022;07.04.2022;08.04.2022;11.04.2022;12.04.2022;13.04.2022;14.04.2022;18.04.2022;19.04.2022;20.04.2022;21.04.2022;22.04.2022;25.04.2022;26.04.2022;27.04.2022;28.04.2022;29.04.2022;02.05.2022;03.05.2022;04.05.2022;05.05.2022;06.05.2022;09.05.2022;10.05.2022;11.05.2022;12.05.2022;13.05.2022;16.05.2022;17.05.2022;18.05.2022;19.05.2022;20.05.2022;23.05.2022;24.05.2022;25.05.2022;26.05.2022;27.05.2022;30.05.2022;31.05.2022;01.06.2022;02.06.2022;03.06.2022;06.06.2022;07.06.2022;08.06.2022;09.06.2022;10.06.2022;13.06.2022;14.06.2022;15.06.2022;16.06.2022;17.06.2022;20.06.2022;21.06.2022;22.06.2022;23.06.2022;24.06.2022;27.06.2022;28.06.2022;29.06.2022;30.06.2022;01.07.2022;04.07.2022;05.07.2022;06.07.2022;07.07.2022;08.07.2022;11.07.2022;12.07.2022;13.07.2022;14.07.2022;15.07.2022;18.07.2022;19.07.2022;20.07.2022;21.07.2022;22.07.2022;25.07.2022;26.07.2022;27.07.2022;28.07.2022;29.07.2022;01.08.2022;02.08.2022;03.08.2022;04.08.2022;05.08.2022;08.08.2022;09.08.2022;10.08.2022;11.08.2022;12.08.2022;15.08.2022;16.08.2022;17.08.2022;18.08.2022;19.08.2022;22.08.2022;23.08.2022;24.08.2022;25.08.2022;26.08.2022;29.08.2022;30.08.2022;31.08.2022;01.09.2022;02.09.2022;05.09.2022;06.09.2022;07.09.2022;08.09.2022;09.09.2022;12.09.2022;13.09.2022;14.09.2022;15.09.2022;16.09.2022;19.09.2022;20.09.2022;21.09.2022;22.09.2022;23.09.2022;26.09.2022;27.09.2022;28.09.2022;29.09.2022;30.09.2022;03.10.2022;04.10.2022;05.10.2022;06.10.2022;07.10.2022;10.10.2022;11.10.2022;12.10.2022;13.10.2022;14.10.2022;17.10.2022;18.10.2022;19.10.2022;20.10.2022;21.10.2022;24.10.2022;25.10.2022;26.10.2022;27.10.2022;28.10.2022;31.10.2022;01.11.2022;02.11.2022;03.11.2022;04.11.2022;07.11.2022;08.11.2022;09.11.2022;10.11.2022;11.11.2022;14.11.2022;15.11.2022;16.11.2022;17.11.2022;18.11.2022;21.11.2022;22.11.2022;23.11.2022;24.11.2022;25.11.2022;28.11.2022;29.11.2022;30.11.2022;01.12.2022;02.12.2022;05.12.2022;06.12.2022;07.12.2022;08.12.2022;09.12.2022;12.12.2022;13.12.2022;14.12.2022;15.12.2022;16.12.2022;19.12.2022;20.12.2022;21.12.2022;22.12.2022;23.12.2022;27.12.2022;28.12.2022;29.12.2022;30.12.2022;03.01.2023;04.01.2023;05.01.2023;06.01.2023;09.01.2023;10.01.2023;11.01.2023;12.01.2023;13.01.2023;16.01.2023;17.01.2023;18.01.2023;19.01.2023;20.01.2023;23.01.2023;24.01.2023;25.01.2023;26.01.2023;27.01.2023;30.01.2023;31.01.2023;01.02.2023;02.02.2023;03.02.2023;06.02.2023;07.02.2023;08.02.2023;09.02.2023;10.02.2023;13.02.2023;14.02.2023;15.02.2023;16.02.2023;17.02.2023;20.02.2023;21.02.2023;22.02.2023;23.02.2023;24.02.2023;27.02.2023;28.02.2023;01.03.2023;02.03.2023;03.03.2023;06.03.2023;07.03.2023;08.03.2023;09.03.2023;10.03.2023;13.03.2023;14.03.2023;15.03.2023;16.03.2023;17.03.2023;03.04.2023;04.04.2023;05.04.2023;06.04.2023;10.04.2023;11.04.2023;12.04.2023;13.04.2023;14.04.2023;17.04.2023;18.04.2023;19.04.2023;20.04.2023;21.04.2023;24.04.2023;25.04.2023;26.04.2023;27.04.2023;28.04.2023;01.05.2023;02.05.2023;03.05.2023;04.05.2023;05.05.2023;08.05.2023;09.05.2023;10.05.2023;11.05.2023;12.05.2023;15.05.2023;16.05.2023;17.05.2023
SoSimple230.202 2022.01.03-2023.05.18, Sprd=100, StpLev=100, Swaps=-15.92, OPT-2009.01.02-2022.02.01;XAUUSD60;224;8;0.66;1.49; 564_193;710;0.27;175;1.5;63; 1.9*54 =;102;1;162753763;10;2;0;6;0;0;1;1;1;2;15;4;1;30;1;1;-1;2;3;0;1;1;0;3;0;0;6;8;3; ; ;0;0;0;0;0;0;0;0;0;0;-14;8;8;8;8;8;8;8;8;8;8;8;8;8;8;8;8;8;8;8;8;8;8;8;8;8;8;8;8;8;8;8;8;8;8;8;8;8;8;8;8;8;8;8;8;8;8;8;8;8;8;8;8;8;8;8;8;8;8;8;8;8;8;8;8;8;8;8;8;8;8;8;8;8;8;8;8;8;8;8;8;8;8;8;8;8;8;8;8;8;8;8;8;8;8;8;8;-24;-98;-98;-187;-217;-141;-194;-475;-520;-35;141;141;141;141;141;141;141;141;141;141;141;141;141;141;141;141;141;141;141;141;141;141;141;141;141;141;141;141;141;141;141;141;141;141;141;141;141;6;-96;-184;-226;-170;-212;-208;-18;-8;110;228;340;383;383;383;383;383;383;383;383;383;383;383;383;383;383;383;383;383;383;383;383;383;383;383;383;383;383;383;383;383;383;383;383;383;383;383;383;383;383;383;383;383;383;383;383;383;383;383;383;383;383;383;383;383;383;383;383;383;383;383;383;383;383;383;383;383;383;383;383;383;383;383;383;383;383;383;383;383;383;383;383;383;383;383;383;383;383;383;383;383;383;383;383;383;383;383;383;383;383;383;383;383;383;383;383;383;383;383;383;383;383;383;383;383;383;383;383;383;383;383;383;383;383;383;383;383;383;383;383;383;383;383;449;449;352;352;352;352;352;352;352;352;352;514;792;716;716;716;716;716;716;716;716;686;802;943;749;749;749;749;749;749;749;749;749;749;749;749;749;749;749;749;749;749;749;749;749;749;749
SoSimple230.202 2022.01.03-2023.05.18, Sprd=100, StpLev=100, Swaps=-15.92, OPT-2009.01.02-2022.02.01;XAUUSD60;-299;5;0;0; 484_462;2940;-0.57;76;-7.4;0; 0.0*14 =;0;1;118405264;10;2;0;9;0;0;4;0;0;2;15;4;1;20;1;1;-5;1;5;0;3;1;2;-4;0;0;8;8;0; ; ;0;0;0;0;0;0;0;0;0;0;0;0;0;0;0;0;0;0;0;0;0;0;0;0;0;0;0;0;0;0;0;0;0;0;0;0;0;0;0;0;0;0;0;0;0;0;0;0;0;0;0;0;0;0;0;0;0;0;0;0;0;0;0;0;0;0;0;0;0;0;0;0;0;0;0;0;0;0;0;0;0;0;0;0;0;0;0;0;0;0;0;0;0;0;0;0;0;0;0;0;0;0;0;0;0;0;0;0;0;0;0;0;0;0;0;0;0;0;0;0;0;0;0;0;0;0;0;0;0;0;0;0;0;0;0;0;0;0;0;0;0;0;0;0;0;0;0;0;0;0;0;0;0;0;0;0;0;0;0;0;0;0;0;0;0;0;0;0;0;0;0;0;0;0;0;0;0;0;0;0;2;2;2;2;2;2;2;2;2;2;2;2;2;2;2;2;2;2;2;2;2;2;2;2;2;2;2;2;2;2;2;2;2;2;2;2;2;2;2;2;2;2;2;2;2;2;2;2;2;2;2;2;-207;-265;-275;-286;-286;-286;-286;-286;-286;-286;-286;-286;-286;-286;-286;-286;-286;-286;-286;-286;-286;-286;-286;-286;-286;-286;-286;-286;-286;-295;-295;-295;-295;-295;-295;-295;-295;-295;-295;-295;-295;-295;-295;-295;-295;-295;-295;-295;-295;-295;-323;-295;-295;-295;-295;-295;-295;-295;-295;-295;-295;-295;-295;-295;-295;-295;-295;-385;-385;-385;-385;-385;-385;-385;-385;-385;-385;-385;-385;-385;-385;-385;-385;-385;-385;-385;-416;-385;-385;-394;-394;-394;-394;-394;-394;-394;-394;-394;-394;-394;-394;-394;-394;-394;-394;-394;-394;-394;-394;-394;-394;-394
SoSimple230.202 2022.01.03-2023.05.18, Sprd=100, StpLev=100, Swaps=-15.92, OPT-2009.01.02-2022.02.01;XAUUSD60;-378;9;-0.3;0.44; 502_492;1902;-0.42;170;-2.5;-9; 0.3*75 =;25;1;2117395822;10;2;0;9;0;0;4;0;0;2;15;4;1;20;1;1;-2;2;4;0;1;1;0;1;0;0;8;8;2; ; ;0;0;0;0;0;0;0;0;0;0;0;0;0;0;0;0;0;0;0;0;0;0;0;0;0;0;0;0;0;0;0;0;0;0;0;0;0;0;0;0;0;0;0;0;0;0;0;0;0;0;0;0;0;0;0;0;0;0;0;0;0;0;0;0;0;0;0;0;0;0;0;0;0;0;0;0;0;0;0;0;0;0;0;0;0;0;0;0;0;0;0;0;0;0;0;0;0;0;0;0;0;0;0;0;0;0;0;0;0;0;0;0;0;0;0;0;0;0;0;0;0;0;0;0;0;0;0;0;0;151;200;200;200;200;200;200;200;200;200;200;200;200;200;200;200;200;200;200;198;87;19;-91;41;-179;-169;-113;-201;-277;-277;-277;-277;-277;-277;-277;-277;-277;-277;-277;-277;-277;-277;-228;-199;-199;-199;-199;-199;-199;-199;-214;-223;-58;-58;-58;-58;-58;-58;-58;20;20;20;20;20;20;20;20;20;20;20;20;20;20;20;20;20;20;20;20;20;20;20;20;20;20;20;20;20;20;20;20;20;20;20;20;20;20;20;20;20;20;20;20;20;20;20;20;20;20;20;20;20;20;20;20;20;20;20;20;20;24;33;33;33;33;33;33;33;33;33;33;33;-17;27;70;70;70;70;70;70;70;70;70;70;70;70;70;70;70;70;70;70;70;-69;-65;-37;11;15;71;71;71;71;71;71;71;71;71;71;71;71;-36;-36;-36;-36;-51;-75;278;279;279;279;279;279;279;279;279;279;279;279;279;264;316;316;222;114;197;15;15;15;15;15;15;15;15;15;15;15;15;15;15;15;15;15;15;15;15
SoSimple230.202 2022.01.03-2023.05.18, Sprd=100, StpLev=100, Swaps=-15.92, OPT-2009.01.02-2022.02.01;XAUUSD60;-684;7;-0.14;0.32; 863_863;3786;-1.01;270;-3.7;-5; 0.6*55 =;33;1;120211088;10;2;0;9;0;0;4;0;0;2;15;4;1;20;1;1;-2;4;4;0;1;2;0;3;0;0;8;8;0; ; ;0;0;0;0;0;0;0;0;0;0;0;0;0;0;0;0;0;0;0;0;0;0;0;0;0;0;0;0;0;0;0;0;0;0;0;0;0;0;0;0;0;0;0;0;0;0;0;0;0;0;0;0;0;0;0;0;0;0;0;0;0;0;0;0;0;0;0;0;0;0;0;0;0;0;0;0;0;0;0;0;0;0;0;0;0;0;0;0;0;0;0;0;0;0;0;0;0;0;-61;-90;-249;-293;-274;-134;-178;-209;-146;-72;-273;-308;-133;-113;-152;-112;-306;-306;-306;-306;-306;-306;-306;-306;-306;-306;-306;-306;-306;-306;-306;-141;-92;-92;-92;-92;-92;-92;-92;-92;-92;-92;-92;-92;-92;-92;-92;-92;-92;-92;-92;-92;-92;-92;-92;-92;-92;-92;-92;-92;-92;-92;-92;-92;-92;-92;-92;-92;-92;-92;-92;-92;-92;-92;-92;-92;-92;-92;-92;-92;-92;-98;-107;57;57;57;57;57;57;57;57;57;57;57;57;57;57;57;57;57;57;57;57;57;57;57;57;57;57;57;57;57;57;57;57;57;57;57;57;57;57;57;57;57;57;57;57;57;57;57;57;57;57;57;57;57;57;57;57;57;57;57;57;57;57;57;57;57;57;57;57;57;57;57;57;57;57;57;57;57;57;57;57;19;64;398;398;398;398;398;398;398;398;398;398;398;398;398;398;398;398;398;398;398;273;277;306;354;223;152;120;100;-63;-122;-212;-212;-212;-212;-212;-212;-212;-296;-322;-322;-322;-333;-351;-88;-88;-88;-88;-88;-88;-88;-88;-88;-88;-88;-88;-88;-92;-40;-40;-120;-228;-145;-351;-351;-351;-351;-351;-351;-351;-351;-351;-351;-351;-351;-351;-351;-351;-351;-351;-351;-351;-351
SoSimple230.202 2022.01.03-2023.05.18, Sprd=100, StpLev=100, Swaps=-15.92, OPT-2009.01.02-2022.02.01;XAUUSD60;-2022;11;-0.17;0.06; 2256_2256;11078;-1.92;182;-10.5;-3; 0.9*21 =;18;1;119154833;10;2;0;9;0;0;4;0;0;2;15;4;1;20;1;1;-4;4;4;0;0;2;0;4;0;0;8;8;1; ; ;0;0;0;0;0;0;0;0;0;0;0;0;0;0;0;0;0;0;0;0;0;0;0;0;0;0;0;0;0;0;0;0;0;0;0;0;0;0;0;0;0;0;0;0;0;0;0;0;0;0;0;0;-339;-484;-484;-484;-484;-484;-484;-484;-484;-484;-484;-552;-643;-643;-643;-643;-643;-643;-643;-643;-643;-643;-643;-643;-643;-643;-643;-643;-643;-643;-643;-643;-643;-643;-643;-643;-728;-544;-490;-295;-147;-147;-147;-147;-147;-147;-147;-147;-299;-343;-324;-184;-228;-259;-196;-94;-94;-94;-94;-94;-94;-94;-94;-94;-94;-94;-94;-94;-94;-94;-94;-94;-94;-94;-94;-94;-94;-94;-94;-94;-94;-94;-94;-94;-94;-94;-94;-94;-94;-94;-94;-94;-94;-94;-94;-94;-94;-94;-124;-235;-102;-323;-313;-257;-344;-437;-437;-437;-437;-437;-437;-437;-437;-437;-437;-437;-437;-437;-437;-437;-437;-437;-437;-437;-437;-437;-437;-437;-437;-514;-514;-514;-514;-514;-514;-514;-514;-514;-514;-514;-514;-514;-554;-734;-734;-734;-734;-734;-734;-734;-734;-734;-734;-734;-734;-734;-734;-734;-734;-734;-734;-734;-734;-734;-734;-734;-734;-734;-734;-734;-734;-734;-734;-734;-734;-734;-734;-734;-795;-843;-874;-932;-942;-954;-915;-1039;-1201;-1201;-1201;-1201;-1201;-1201;-1201;-1201;-1201;-1201;-1201;-1201;-1201;-1201;-1201;-1201;-1201;-1201;-1201;-1201;-1201;-1201;-1201;-1201;-1201;-1201;-1201;-1201;-1201;-1201;-1201;-1201;-1201;-1201;-1201;-1201;-1201;-1201;-1201;-1201;-1201;-1201;-1201;-1201;-1201;-1201;-1201;-1201;-1201;-1266;-1297;-1317;-1481;-1540;-1630;-1630;-1630;-1630;-1630;-1630;-1630;-1684;-1709;-1709;-1709;-1709;-1709;-1709;-1709;-1868;-1908;-1908;-1908;-1908;-1908;-1908;-1908;-1908;-1908;-1908;-1911;-1795;-1795;-1795;-1897;-1814;-2020;-2020;-2020;-2020;-2020;-2020;-2020;-2020;-2020;-2020;-2020;-2020;-2186;-2186;-2186;-2186;-2186;-2186;-2186;-2186
SoSimple230.202 2022.01.03-2023.05.18, Sprd=100, StpLev=100, Swaps=-15.92, OPT-2009.01.02-2022.02.01;XAUUSD60;-213;4;-0.25;0.21; 356_304;1044;-0.56;140;-4;-22; 0.5*60 =;32;1;187319954;10;2;0;9;0;0;3;0;0;0;15;4;3;20;1;1;-2;4;4;0;1;2;0;3;0;0;8;8;2; ; ;0;0;0;0;0;0;0;0;0;0;0;0;0;0;0;0;0;0;0;0;0;0;0;0;0;0;0;0;0;0;0;0;0;0;0;0;0;0;0;0;0;0;0;0;0;0;0;0;0;0;0;0;0;0;0;0;0;0;0;0;0;0;0;0;0;0;0;0;0;0;0;0;0;0;0;0;0;0;0;0;0;0;0;0;0;0;0;0;0;0;0;0;0;0;0;0;0;0;0;0;0;0;0;0;0;0;0;0;0;-14;-93;-124;-47;-101;-184;-184;-184;-184;-184;-184;-184;-184;-184;-184;-184;-184;-184;-184;-184;-18;30;30;30;30;30;30;30;30;30;30;30;30;30;30;30;30;30;30;30;30;30;30;30;30;30;30;30;30;117;98;98;98;98;98;98;98;98;98;98;98;98;98;98;98;98;98;98;98;98;98;98;98;98;98;98;98;98;98;98;98;98;98;98;98;98;98;98;98;98;98;98;98;98;98;98;98;98;98;98;98;98;98;98;98;98;98;98;98;98;-73;-73;-73;-73;-73;-73;-73;-73;-73;-73;-73;-73;-73;-73;-73;-73;-73;-73;-73;-73;-73;-73;-73;-73;-73;-73;-73;-73;-73;-73;-73;-73;-73;-73;-73;-73;-73;-73;-73;-73;-73;-73;-73;-73;-73;-73;-73;-73;-73;-73;-73;-73;-73;-73;-73;-73;-73;-73;-73;-73;-73;-73;-73;-119;-116;-87;-38;-67;-67;-67;-67;-67;-67;-67;-67;-67;-67;-67;-67;-67;-67;-67;-67;-67;-67;-67;-67;-67;-67;-67;-67;-67;-67;-67;-67;-67;-67;-67;-67;-67;-67;-67;-67;-67;-67;-67;-67;-67;-67;-67;-67;-67;-67;-67;-67;-67;-67;-67;-67;-67;-67;-67;-67;-67;-67
SoSimple230.202 2022.01.03-2023.05.18, Sprd=100, StpLev=100, Swaps=-15.92, OPT-2009.01.02-2022.02.01;XAUUSD60;-338;7;-0.49;0.05; 308_249;1232;-0.5;74;-6.7;-18; 1.2*33 =;39;1;911597053;10;2;0;6;0;0;1;1;0;1;15;2;1;30;1;1;-2;4;4;0;0;2;0;0;0;1;7;8;3; ; ;0;0;0;0;0;0;0;0;0;0;0;0;0;0;0;0;0;0;0;0;0;0;0;0;0;0;0;0;0;0;0;0;0;0;0;0;0;0;0;0;0;0;0;0;0;0;0;0;0;0;0;0;0;0;0;0;0;0;0;0;0;0;0;0;0;0;0;0;0;0;0;0;0;0;0;0;0;0;0;0;0;0;0;0;0;0;0;0;0;0;0;0;0;0;0;0;0;0;0;0;0;0;0;0;0;0;0;0;0;0;0;0;0;0;0;0;0;0;0;0;0;0;0;0;0;0;0;-59;-59;-59;-59;-59;-59;-59;-59;-59;-59;-86;-14;52;52;52;52;52;52;52;52;52;52;52;52;52;52;52;52;52;52;52;52;52;52;52;52;52;52;52;52;52;52;52;52;52;52;52;52;52;52;52;52;52;52;52;52;52;52;52;52;52;52;52;52;52;-131;-91;37;37;37;37;37;37;37;37;37;37;37;-73;-73;-73;-73;-73;-73;-73;-73;-73;-73;-73;-73;-73;-73;-73;-73;-73;-73;-73;-73;-73;-73;-73;-73;-73;-73;-73;-73;-73;-73;-73;-73;-73;-73;-73;-153;-153;-153;-153;-153;-153;-153;-153;-153;-153;-153;-153;-153;-153;-153;-153;-153;-153;-153;-153;-153;-153;-153;-153;-153;-153;-153;-153;-153;-153;-153;-153;-153;-153;-153;-153;-255;-255;-255;-255;-255;-255;-255;-255;-255;-255;-255;-255;-255;-255;-92;-92;-92;-92;-92;-92;-92;-92;-92;-169;-196;-196;-196;-196;-196;-196;-196;-196;-196;-196;-196;-196;-196;-196;-196;-196;-196;-196;-196;-196;-196;-196;-196;-196;-196;-196;-196;-196;-196;-196;-196;-196;-196;-196;-196;-196;-196;-196;-196;-196;-196;-196;-196;-196
SoSimple230.202 2022.01.03-2023.05.18, Sprd=100, StpLev=100, Swaps=-15.92, OPT-2009.01.02-2022.02.01;XAUUSD60;-838;9;-0.23;0.17; 1033_791;5503;-0.93;142;-6.5;-5; 0.8*33 =;27;1;120075890;10;2;0;6;0;0;4;1;0;2;15;4;1;20;1;1;-2;3;4;0;1;1;0;3;0;0;6;8;2; ; ;0;0;0;0;0;0;0;-64;-64;-64;-108;-108;-108;-108;-108;-108;-108;-108;-108;-108;-108;-108;-108;-108;-108;-108;-108;-108;-108;-108;-108;-108;-108;-108;-108;-108;-108;-108;-108;-108;-108;-108;-108;-108;-108;-108;-108;-108;-108;-108;-108;-108;-108;-108;-108;-108;-108;-108;-108;-108;-108;-108;-108;-108;-108;-108;-108;-108;-108;-108;-108;-108;-108;-108;-108;-108;-313;-313;-313;-313;-313;-313;-313;-313;-313;-313;-313;-313;-313;-313;-313;-313;-313;-313;-313;-313;-313;-313;-313;-313;-313;-313;-313;-313;-313;-313;-313;-421;-623;-651;-651;-651;-651;-651;-651;-651;-651;-651;-651;-651;-651;-651;-651;-651;-651;-651;-651;-651;-651;-651;-651;-651;-651;-651;-651;-651;-651;-651;-651;-651;-651;-651;-651;-651;-651;-651;-651;-651;-651;-651;-651;-651;-651;-651;-651;-651;-651;-651;-651;-651;-651;-651;-651;-651;-651;-651;-651;-651;-651;-651;-651;-651;-651;-651;-651;-651;-651;-651;-651;-651;-651;-651;-651;-651;-651;-651;-651;-651;-651;-651;-651;-651;-748;-733;-851;-896;-896;-896;-896;-896;-896;-896;-896;-896;-896;-896;-896;-896;-896;-896;-896;-896;-896;-896;-896;-896;-896;-896;-896;-896;-896;-896;-896;-896;-896;-896;-896;-896;-896;-896;-896;-896;-896;-896;-896;-896;-896;-974;-974;-974;-974;-974;-974;-974;-974;-974;-974;-974;-974;-974;-974;-974;-974;-974;-974;-974;-974;-974;-974;-974;-974;-1032;-988;-653;-653;-653;-653;-653;-653;-653;-653;-653;-653;-653;-712;-575;-575;-575;-575;-575;-575;-575;-575;-575;-575;-575;-575;-575;-575;-575;-575;-575;-575;-575;-575;-575;-575;-565;-466;-575;-575;-575;-575;-575;-575;-575;-575;-575;-575;-575;-575;-575;-575;-575;-575;-575;-575;-575;-584;-532;-532;-532;-791;-791;-791;-791;-791;-791;-791;-791;-791;-791;-791;-791;-791;-791;-791;-791;-791;-791;-791;-791;-791;-791
SoSimple230.202 2022.01.03-2023.05.18, Sprd=100, StpLev=100, Swaps=-15.92, OPT-2009.01.02-2022.02.01;XAUUSD60;-668;7;-0.03;0.02; 888_888;4201;-0.98;69;-14.2;-1; 0.2*22 =;5;1;577314083;10;2;0;6;0;0;1;1;1;1;15;4;1;30;1;1;-3;2;4;0;1;1;0;2;0;1;4;8;3; ; ;0;0;0;0;0;0;0;0;0;0;-37;-37;-37;-37;-37;-37;-37;-37;-37;-37;-37;-37;-37;-37;-37;-37;-37;-37;-37;-37;-37;-37;-37;-37;-37;-37;-37;-37;-37;-37;-37;-37;-37;-37;-37;-37;-37;-37;-37;-37;-37;-37;-37;-37;-37;-37;-37;-37;-37;-37;-37;-37;-37;-37;-37;-37;-37;-37;-37;-37;-37;-37;-37;-37;-37;-37;-37;-41;-249;-249;-249;-249;-249;-249;-249;-249;-249;-249;-249;-249;-249;-249;-249;-249;-249;-249;-249;-249;-249;-249;-249;-249;-249;-249;-249;-249;-249;-266;-340;-340;-340;-340;-340;-340;-501;-546;-305;-305;-305;-305;-305;-305;-305;-305;-305;-305;-305;-305;-305;-305;-305;-305;-305;-305;-305;-305;-305;-305;-305;-305;-305;-305;-305;-305;-305;-305;-305;-305;-305;-305;-305;-305;-305;-305;-379;-483;-571;-613;-557;-599;-594;-405;-394;-284;-284;-284;-284;-284;-284;-284;-284;-284;-284;-284;-284;-284;-284;-284;-284;-284;-284;-284;-284;-284;-284;-284;-284;-284;-284;-284;-284;-284;-439;-439;-439;-439;-439;-439;-439;-439;-439;-439;-439;-439;-439;-439;-439;-439;-439;-522;-591;-591;-591;-591;-591;-591;-591;-591;-591;-591;-591;-591;-591;-591;-591;-591;-591;-591;-591;-591;-591;-591;-591;-591;-591;-591;-591;-591;-591;-591;-591;-591;-591;-591;-591;-591;-591;-591;-591;-591;-591;-591;-591;-591;-591;-591;-591;-591;-591;-591;-591;-591;-591;-591;-591;-591;-591;-591;-591;-591;-591;-591;-591;-591;-591;-591;-591;-591;-591;-591;-591;-591;-591;-591;-591;-591;-591;-591;-591;-591;-591;-591;-591;-591;-591;-591;-591;-591;-591;-682;-682;-682;-682;-682;-682;-682;-682;-682;-682;-682;-682;-682;-682;-682;-682;-682;-682;-682;-682;-682;-682;-850;-850;-850;-850;-850;-850;-850;-850;-850;-850;-850;-850;-850;-850;-850;-850;-850;-850;-850;-850;-850;-850;-850
SoSimple230.202 2022.01.03-2023.05.18, Sprd=100, StpLev=100, Swaps=-15.92, OPT-2009.01.02-2022.02.01;XAUUSD60;-593;9;0;0; 787_786;3801;-0.66;63;-10.4;0; 0.5*8 =;5;1;1985475133;10;2;0;6;0;0;1;1;1;1;15;4;1;30;1;1;-2;1;3;1;1;1;2;3;0;1;5;8;3; ; ;0;0;0;0;0;0;0;0;0;0;-10;10;10;10;10;10;10;10;10;10;10;10;10;10;10;10;10;10;10;10;10;10;10;10;10;10;10;10;10;10;10;10;10;10;10;10;10;10;10;10;10;10;10;10;10;10;10;10;10;10;10;10;10;10;10;10;10;10;10;10;10;10;10;10;10;10;10;10;-179;-179;-179;-179;-179;-179;-179;-179;-179;-179;-179;-179;-179;-179;-179;-179;-179;-179;-179;-179;-179;-179;-179;-179;-179;-179;-179;-179;-179;-196;-179;-179;-179;-179;-179;-179;-310;-355;-222;-222;-222;-222;-222;-222;-222;-222;-222;-222;-222;-222;-222;-222;-222;-222;-222;-222;-222;-222;-222;-222;-222;-222;-222;-222;-222;-222;-222;-222;-222;-222;-222;-222;-222;-222;-222;-222;-261;-222;-222;-222;-222;-222;-222;-222;-222;-222;-222;-222;-222;-222;-222;-222;-222;-222;-222;-222;-222;-222;-222;-222;-222;-222;-222;-222;-222;-222;-222;-222;-222;-222;-222;-222;-222;-222;-358;-358;-358;-358;-358;-358;-358;-358;-358;-358;-358;-358;-358;-358;-358;-358;-358;-435;-492;-492;-492;-492;-492;-492;-492;-492;-492;-492;-492;-492;-492;-492;-492;-492;-492;-492;-492;-492;-492;-492;-492;-492;-492;-492;-492;-492;-492;-492;-492;-492;-492;-492;-492;-492;-492;-492;-542;-494;-494;-494;-494;-494;-494;-494;-494;-494;-494;-494;-494;-494;-494;-494;-494;-494;-494;-494;-494;-494;-494;-494;-494;-494;-494;-494;-494;-494;-494;-494;-494;-494;-494;-494;-494;-494;-494;-494;-494;-494;-494;-494;-494;-494;-494;-494;-494;-494;-494;-568;-648;-715;-674;-590;-590;-590;-590;-590;-590;-590;-590;-590;-590;-590;-590;-590;-590;-590;-590;-590;-590;-738;-738;-738;-738;-738;-738;-738;-738;-738;-738;-738;-738;-738;-738;-738;-738;-738;-738;-738;-738;-738;-738;-738
SoSimple230.202 2022.01.03-2023.05.18, Sprd=100, StpLev=100, Swaps=-15.92, OPT-2009.01.02-2022.02.01;XAUUSD60;18;2;0.66;9.31; 28_0;10;0.08;17;4.7;831; 9.8*66 =;651;1;239206546;10;2;0;12;0;0;4;0;0;1;15;4;1;20;1;1;-3;4;5;-3;1;3;2;0;0;0;8;8;2; ; ;0;0;0;0;0;0;0;0;0;0;0;0;0;0;0;0;0;0;0;0;0;0;0;0;0;0;0;0;0;0;0;0;0;0;0;0;0;0;0;0;0;0;0;0;0;0;0;0;0;0;0;0;0;0;0;0;0;0;0;0;0;0;0;0;0;0;0;0;0;0;0;0;0;0;0;0;0;0;0;0;0;0;0;0;0;0;0;0;0;0;0;0;0;0;0;0;0;0;0;0;0;0;0;0;0;0;0;0;0;0;0;0;0;0;0;0;0;0;0;0;0;0;0;0;0;0;0;0;0;0;0;0;0;0;0;0;0;0;0;0;0;0;0;0;0;0;0;0;-2;-2;-2;-2;-2;-2;-2;-2;-2;-2;-2;-2;-2;-2;-2;-2;-2;-2;-2;-2;-2;-2;-2;-2;-2;-2;-2;-2;-2;-2;-2;-2;-2;-2;-2;-2;-2;-2;-2;-2;-2;-2;-2;-2;-2;-2;-2;-2;-2;-2;-2;-2;-2;-2;-2;-2;-2;-2;-2;-2;-2;-2;-2;-2;-2;-2;-2;-2;-2;-2;-2;-2;-2;-4;26;26;26;26;26;26;26;26;26;26;26;26;26;26;26;26;26;26;26;26;26;26;26;26;26;26;26;53;53;53;53;53;53;53;53;53;53;53;53;53;53;53;53;53;53;53;53;53;53;53;53;53;53;53;53;53;53;53;53;53;53;53;53;53;53;53;53;53;53;53;53;53;53;53;53;53;53;53;53;53;53;53;53;53;53;53;53;53;53;53;53;53;53;53;53;53;53;53;53;53;53;53;53;53;53;53;53;53;53;53;53;53;53;53;53;53;53;53;53;53;53;53
SoSimple230.202 2022.01.03-2023.05.18, Sprd=100, StpLev=100, Swaps=-15.92, OPT-2009.01.02-2022.02.01;XAUUSD60;-1600;8;-0.27;0.13; 1754_1549;12443;-1.93;319;-6;-5; 0.5*45 =;21;1;154252944;10;2;0;9;0;0;4;0;0;2;15;4;2;20;1;1;-1;4;3;0;1;1;0;3;0;0;8;8;0; ; ;0;0;0;0;0;0;0;0;0;0;0;0;0;0;0;0;0;0;0;-106;-106;-106;-106;-106;-106;-106;-106;-106;-106;-106;-106;-106;-106;-106;-106;-106;-106;-106;-106;-106;-106;-106;-106;-106;-106;-106;-106;-106;-106;-106;-106;-106;-106;-106;-106;-106;-106;-106;-106;-106;-106;-106;-106;-106;-106;-106;-106;-106;-106;-106;-106;-106;-106;-106;-106;-106;-106;-106;-106;-106;-106;-106;-106;-106;-187;-576;-623;-536;-427;-478;-650;-814;-867;-972;-1161;-1161;-1161;-1161;-1206;-1235;-1394;-1438;-1419;-1279;-1323;-1354;-1291;-1216;-1418;-1453;-1278;-1258;-1297;-1257;-1451;-1451;-1451;-1451;-1451;-1451;-1451;-1451;-1451;-1451;-1451;-1451;-1451;-1451;-1451;-1315;-1315;-1315;-1315;-1315;-1315;-1315;-1315;-1315;-1315;-1315;-1315;-1315;-1315;-1315;-1315;-1315;-1315;-1315;-1315;-1315;-1315;-1315;-1315;-1315;-1315;-1315;-1315;-1315;-1315;-1315;-1315;-1315;-1315;-1315;-1315;-1315;-1315;-1315;-1315;-1315;-1315;-1315;-1315;-1315;-1315;-1315;-1315;-1315;-1315;-1319;-1328;-1219;-1219;-1219;-1219;-1219;-1219;-1219;-1219;-1219;-1219;-1219;-1219;-1219;-1219;-1219;-1219;-1219;-1219;-1219;-1219;-1219;-1219;-1219;-1219;-1219;-1219;-1219;-1219;-1219;-1219;-1219;-1219;-1219;-1219;-1219;-1219;-1219;-1219;-1219;-1219;-1219;-1219;-1219;-1219;-1219;-1219;-1219;-1219;-1219;-1219;-1219;-1219;-1219;-1219;-1219;-1219;-1219;-1219;-1219;-1219;-1219;-1219;-1219;-1219;-1219;-1219;-1219;-1219;-1219;-1219;-1219;-1219;-1219;-1219;-1219;-1219;-1219;-1219;-1219;-1219;-1254;-1209;-1008;-1008;-1008;-1008;-1008;-1008;-1008;-1008;-1008;-1008;-1008;-1008;-1008;-1008;-1008;-1008;-1008;-1008;-1008;-1110;-1106;-1077;-1029;-1160;-1231;-1263;-1283;-1447;-1506;-1586;-1586;-1586;-1586;-1586;-1586;-1586;-1669;-1695;-1695;-1695;-1695;-1711;-1425;-1425;-1425;-1425;-1425;-1425;-1425;-1425;-1425;-1425;-1425;-1425;-1425;-1425;-1366;-1210;-1279;-1387;-1305;-1506;-1506;-1506;-1506;-1506;-1506;-1506;-1506;-1506;-1506;-1506;-1506;-1506;-1506;-1506;-1506;-1506;-1506;-1506;-1506
SoSimple230.202 2022.01.03-2023.05.18, Sprd=100, StpLev=100, Swaps=-15.92, OPT-2009.01.02-2022.02.01;XAUUSD60;-608;8;0.03;0.47; 996_995;3846;-0.73;223;-3.3;1; 0.8*45 =;36;1;241397027;10;2;0;9;0;0;4;0;1;0;15;4;1;20;1;1;-1;4;3;0;1;1;0;3;0;0;8;8;3; ; ;0;0;0;0;0;0;0;0;0;0;0;0;0;0;0;0;0;0;0;0;0;0;0;0;0;0;0;0;0;0;0;0;0;0;0;0;0;0;0;0;0;0;0;0;0;0;0;0;0;0;0;0;0;0;0;0;0;0;0;0;0;0;0;0;0;0;0;0;0;0;0;0;0;0;0;0;0;0;0;0;0;0;0;0;-33;171;282;282;282;282;282;282;282;282;282;282;282;282;238;208;49;6;24;165;120;89;153;227;26;-9;36;57;18;58;-136;-136;-136;-136;-136;-136;-136;-136;-136;-136;-136;-136;-136;-136;-136;1;1;1;1;1;1;1;1;1;1;1;1;1;1;1;1;1;1;1;1;1;1;1;1;1;1;1;1;1;1;1;1;1;1;1;1;1;1;1;1;1;1;1;1;1;1;1;1;1;1;-2;-11;97;97;97;97;97;97;97;97;97;97;97;97;97;97;97;97;97;97;97;97;97;97;97;97;97;97;97;97;97;97;97;97;97;97;97;97;97;97;97;97;97;97;97;97;97;97;97;97;97;97;97;97;97;97;97;97;97;97;97;97;97;97;97;97;97;97;97;97;97;97;97;97;97;97;97;97;97;97;97;97;70;115;316;316;316;316;316;316;316;316;316;316;316;316;316;316;316;316;316;316;316;236;239;268;317;186;114;83;62;-100;-160;-255;-255;-255;-255;-255;-255;-255;-339;-364;-364;-446;-454;-381;-96;-96;-96;-96;-96;-96;-96;-96;-96;-96;-96;-96;-96;-96;-96;-96;-163;-271;-188;-394;-394;-394;-394;-394;-394;-394;-394;-394;-394;-394;-394;-394;-394;-394;-394;-394;-394;-394;-394
SoSimple230.202 2022.01.03-2023.05.18, Sprd=100, StpLev=100, Swaps=-15.92, OPT-2009.01.02-2022.02.01;XAUUSD60;-709;5;-0.02;0.09; 1066_1066;3069;-1.34;202;-6.6;-2; 0.6*42 =;25;1;120698514;10;2;0;9;0;0;4;1;0;0;15;4;1;20;1;1;-1;4;3;0;1;1;0;3;0;0;8;8;2; ; ;0;0;0;0;0;0;0;0;0;0;0;0;0;0;0;0;0;0;0;0;0;0;0;0;0;0;0;0;0;0;0;0;0;0;0;0;0;0;0;0;0;0;0;0;0;0;0;0;0;0;0;0;0;0;0;0;0;0;0;0;0;0;0;0;0;0;0;0;0;0;0;0;0;0;0;0;0;0;0;0;0;0;0;0;0;0;0;0;0;0;0;0;0;0;0;0;0;0;0;0;0;0;0;0;0;0;0;0;0;-51;-128;-128;-128;-128;-128;-128;-128;-128;-128;-128;-128;-128;-128;-128;-128;-128;-128;-128;-128;8;8;8;8;8;8;8;8;8;8;8;8;8;8;8;8;8;8;8;8;8;8;8;8;8;8;8;8;8;8;8;8;8;8;8;8;8;8;8;8;8;8;8;8;8;8;8;8;8;8;5;-4;104;104;104;104;104;104;104;104;104;104;104;104;104;104;104;104;104;104;104;104;104;104;104;104;104;104;104;104;104;104;104;104;104;104;104;104;104;104;104;104;104;104;104;104;104;104;104;104;104;104;104;104;104;104;104;104;104;104;104;104;104;104;104;104;104;104;104;104;104;104;104;104;104;104;104;104;104;104;104;104;77;122;323;323;323;323;323;323;323;323;323;323;323;323;323;323;323;323;323;323;323;243;247;275;324;193;121;90;70;-93;-152;-177;-177;-177;-177;-177;-177;-177;-260;-286;-286;-286;-286;-286;-286;-286;-286;-286;-286;-286;-286;-286;-286;-286;-286;-286;-286;-286;-286;-286;-353;-461;-379;-584;-584;-584;-584;-584;-584;-584;-584;-584;-584;-584;-584;-584;-584;-584;-584;-584;-584;-584;-584
SoSimple230.202 2022.01.03-2023.05.18, Sprd=100, StpLev=100, Swaps=-15.92, OPT-2009.01.02-2022.02.01;XAUUSD60;-2022;11;-0.17;0.06; 2256_2256;11078;-1.92;182;-10.5;-3; 0.9*21 =;18;1;119150738;10;2;0;9;0;0;4;0;0;2;15;4;1;20;1;1;-4;4;4;0;0;1;0;4;0;0;8;8;2; ; ;0;0;0;0;0;0;0;0;0;0;0;0;0;0;0;0;0;0;0;0;0;0;0;0;0;0;0;0;0;0;0;0;0;0;0;0;0;0;0;0;0;0;0;0;0;0;0;0;0;0;0;0;-339;-484;-484;-484;-484;-484;-484;-484;-484;-484;-484;-552;-643;-643;-643;-643;-643;-643;-643;-643;-643;-643;-643;-643;-643;-643;-643;-643;-643;-643;-643;-643;-643;-643;-643;-643;-728;-544;-490;-295;-147;-147;-147;-147;-147;-147;-147;-147;-299;-343;-324;-184;-228;-259;-196;-94;-94;-94;-94;-94;-94;-94;-94;-94;-94;-94;-94;-94;-94;-94;-94;-94;-94;-94;-94;-94;-94;-94;-94;-94;-94;-94;-94;-94;-94;-94;-94;-94;-94;-94;-94;-94;-94;-94;-94;-94;-94;-94;-124;-235;-102;-323;-313;-257;-344;-437;-437;-437;-437;-437;-437;-437;-437;-437;-437;-437;-437;-437;-437;-437;-437;-437;-437;-437;-437;-437;-437;-437;-437;-514;-514;-514;-514;-514;-514;-514;-514;-514;-514;-514;-514;-514;-554;-734;-734;-734;-734;-734;-734;-734;-734;-734;-734;-734;-734;-734;-734;-734;-734;-734;-734;-734;-734;-734;-734;-734;-734;-734;-734;-734;-734;-734;-734;-734;-734;-734;-734;-734;-795;-843;-874;-932;-942;-954;-915;-1039;-1201;-1201;-1201;-1201;-1201;-1201;-1201;-1201;-1201;-1201;-1201;-1201;-1201;-1201;-1201;-1201;-1201;-1201;-1201;-1201;-1201;-1201;-1201;-1201;-1201;-1201;-1201;-1201;-1201;-1201;-1201;-1201;-1201;-1201;-1201;-1201;-1201;-1201;-1201;-1201;-1201;-1201;-1201;-1201;-1201;-1201;-1201;-1201;-1201;-1266;-1297;-1317;-1481;-1540;-1630;-1630;-1630;-1630;-1630;-1630;-1630;-1684;-1709;-1709;-1709;-1709;-1709;-1709;-1709;-1868;-1908;-1908;-1908;-1908;-1908;-1908;-1908;-1908;-1908;-1908;-1911;-1795;-1795;-1795;-1897;-1814;-2020;-2020;-2020;-2020;-2020;-2020;-2020;-2020;-2020;-2020;-2020;-2020;-2186;-2186;-2186;-2186;-2186;-2186;-2186;-2186
SoSimple230.202 2022.01.03-2023.05.18, Sprd=100, StpLev=100, Swaps=-15.92, OPT-2009.01.02-2022.02.01;XAUUSD60;-722;7;-0.41;0.24; 855_652;3171;-1.06;257;-4.1;-16; 0.6*55 =;33;1;120699026;10;2;0;9;0;0;4;0;1;2;15;4;1;20;1;1;-1;4;3;0;1;1;0;4;0;0;8;8;2; ; ;0;0;0;0;0;0;0;0;0;0;0;0;0;0;0;0;0;0;0;0;0;0;0;0;0;0;0;0;0;0;0;0;0;0;0;0;0;0;0;0;0;0;0;0;0;0;0;0;0;0;0;0;0;0;0;0;0;0;0;0;0;0;0;0;0;0;0;0;0;0;0;0;0;0;0;0;0;0;0;0;0;0;0;0;0;0;0;0;0;0;0;0;0;0;0;0;0;0;-44;-73;-232;-276;-257;-117;-161;-192;-129;-55;-256;-291;-116;-96;-135;-95;-289;-289;-289;-289;-289;-289;-289;-289;-289;-289;-289;-289;-289;-289;-289;-152;-152;-152;-152;-152;-152;-152;-152;-152;-152;-152;-152;-152;-152;-152;-152;-152;-152;-152;-152;-152;-152;-152;-152;-152;-152;-152;-152;-152;-152;-152;-152;-152;-152;-152;-152;-152;-152;-152;-152;-152;-152;-152;-152;-152;-152;-152;-152;-152;-152;-155;-165;-56;-56;-56;-56;-56;-56;-56;-56;-56;-56;-56;-56;-56;-56;-56;-56;-56;-56;-56;-56;-56;-56;-56;-56;-56;-56;-56;-56;-56;-56;-56;-56;-56;-56;-56;-56;-56;-56;-56;-56;-56;-56;-56;-56;-56;-56;-56;-56;-56;-56;-56;-56;-56;-56;-56;-56;-56;-56;-56;-56;-56;-56;-56;-56;-56;-56;-56;-56;-56;-56;-56;-56;-56;-56;-56;-56;-56;-56;-56;-56;-83;-38;162;162;162;162;162;162;162;162;162;162;162;162;162;162;162;162;162;162;162;82;86;114;163;32;-39;-70;-91;-254;-313;-409;-409;-409;-409;-409;-409;-409;-492;-518;-518;-518;-518;-534;-248;-248;-248;-248;-248;-248;-248;-248;-248;-248;-248;-248;-248;-248;-190;-33;-100;-208;-126;-332;-332;-332;-332;-332;-332;-332;-332;-332;-332;-332;-332;-332;-332;-332;-332;-332;-332;-332;-332
SoSimple230.202 2022.01.03-2023.05.18, Sprd=100, StpLev=100, Swaps=-15.92, OPT-2009.01.02-2022.02.01;XAUUSD60;-918;23;-0.21;0.23; 1012_936;5088;-0.41;52;-7.8;-2; 2.2*16 =;37;1;1808760912;10;2;0;2;3;0;4;0;1;1;15;3;0;40;1;1;-4;2;-4;0;0;0;0;-1;0;0;2;8;0; ; ;0;0;0;0;0;0;0;0;0;0;-29;-29;-82;-82;-82;-82;-82;-82;-82;-82;-82;-82;-82;-82;-82;-7;-7;-7;-7;-7;-7;-7;-7;-7;-7;-7;-7;-7;-80;-80;-80;-80;-80;-80;-80;-80;-80;-80;-80;-80;-80;-80;-80;-80;-80;-80;-80;-80;-80;-80;-80;-80;-169;-169;-169;-169;-169;-169;-169;-169;-169;-169;-169;-169;-169;-169;-169;-169;-169;-206;-99;29;-52;-135;-135;-135;-223;-223;-223;-223;-223;-223;-223;-223;-223;-311;-311;-311;-311;-311;-311;-311;-311;-384;-384;-384;-384;-449;-449;-449;-449;-449;-481;-481;-481;-481;-481;-481;-481;-481;-506;-492;-556;-556;-556;-556;-556;-556;-556;-556;-556;-556;-556;-556;-556;-556;-556;-628;-628;-628;-628;-628;-628;-628;-628;-628;-628;-628;-628;-628;-628;-628;-628;-628;-628;-628;-628;-628;-628;-628;-628;-650;-678;-678;-678;-678;-678;-678;-707;-707;-707;-707;-707;-707;-707;-707;-707;-707;-707;-707;-707;-707;-707;-707;-707;-707;-707;-707;-707;-707;-733;-516;-594;-594;-594;-594;-594;-594;-594;-594;-594;-594;-594;-594;-594;-594;-594;-594;-594;-594;-594;-670;-670;-670;-670;-670;-670;-707;-707;-707;-707;-745;-745;-745;-745;-745;-745;-745;-745;-745;-745;-745;-745;-745;-745;-745;-745;-745;-745;-745;-788;-788;-788;-788;-788;-788;-788;-788;-788;-788;-788;-788;-788;-788;-788;-788;-788;-788;-788;-788;-788;-788;-788;-788;-788;-788;-788;-788;-788;-788;-861;-861;-861;-933;-933;-933;-933;-933;-933;-933;-933;-933;-933;-933;-933;-933;-933;-933;-933;-933;-933;-933;-933;-933;-933;-933;-933;-953;-826;-754;-754;-754;-754;-754;-754;-754;-754;-754;-754;-754;-754;-754;-754;-754;-754;-754;-754;-754;-754;-754;-754;-754;-754;-754;-754;-754;-754;-754;-797;-797;-797;-797;-797;-797;-797;-877;-877;-877;-877;-877;-877;-877;-877;-877
SoSimple230.202 2022.01.03-2023.05.18, Sprd=100, StpLev=100, Swaps=-15.92, OPT-2009.01.02-2022.02.01;XAUUSD60;-713;23;-0.26;0.3; 777_679;3922;-0.32;52;-6.1;-2; 2.8*16 =;47;1;677412707;10;2;0;2;3;0;4;0;1;1;15;3;0;40;1;1;-5;2;-4;0;0;0;0;-1;0;0;2;8;3; ; ;0;0;0;0;0;0;0;0;0;0;-21;-21;-67;-67;-67;-67;-67;-67;-67;-67;-67;-67;-67;-67;-67;24;24;24;24;24;24;24;24;24;24;24;24;24;-48;-48;-48;-48;-48;-48;-48;-48;-48;-48;-48;-48;-48;-48;-48;-48;-48;-48;-48;-48;-48;-48;-48;-48;-126;-126;-126;-126;-126;-126;-126;-126;-126;-126;-126;-126;-126;-126;-126;-126;-126;-153;-46;82;10;-61;-61;-61;-134;-134;-134;-134;-134;-134;-134;-134;-134;-211;-211;-211;-211;-211;-211;-211;-211;-276;-276;-276;-276;-332;-332;-332;-332;-332;-355;-355;-355;-355;-355;-355;-355;-355;-371;-356;-411;-411;-411;-411;-411;-411;-411;-411;-411;-411;-411;-411;-411;-411;-411;-474;-474;-474;-474;-474;-474;-474;-474;-474;-474;-474;-474;-474;-474;-474;-474;-474;-474;-474;-474;-474;-474;-474;-474;-497;-524;-524;-524;-524;-524;-524;-545;-545;-545;-545;-545;-545;-545;-545;-545;-545;-545;-545;-545;-545;-545;-545;-545;-545;-545;-545;-545;-545;-553;-337;-405;-405;-405;-405;-405;-405;-405;-405;-405;-405;-405;-405;-405;-405;-405;-405;-405;-405;-405;-471;-471;-471;-471;-471;-471;-498;-498;-498;-498;-498;-498;-498;-498;-498;-498;-498;-498;-498;-498;-498;-498;-498;-498;-498;-498;-498;-498;-498;-523;-523;-523;-523;-523;-523;-523;-523;-523;-523;-523;-523;-523;-523;-523;-523;-523;-523;-523;-523;-523;-523;-523;-523;-523;-523;-523;-523;-523;-523;-587;-587;-587;-682;-682;-682;-682;-682;-682;-682;-682;-682;-682;-682;-682;-682;-682;-682;-682;-682;-682;-682;-682;-682;-682;-682;-682;-694;-566;-494;-494;-494;-494;-494;-494;-494;-494;-494;-494;-494;-494;-494;-494;-494;-494;-494;-494;-494;-494;-494;-494;-494;-494;-494;-494;-494;-494;-494;-526;-526;-526;-526;-526;-526;-526;-596;-596;-596;-596;-596;-596;-596;-596;-596
SoSimple230.202 2022.01.03-2023.05.18, Sprd=100, StpLev=100, Swaps=-15.92, OPT-2009.01.02-2022.02.01;XAUUSD60;-358;11;-0.08;0.4; 447_426;2455;-0.32;70;-4.5;-1; 2.5*20 =;51;1;944070915;10;2;0;3;1;0;3;0;1;2;15;2;2;40;1;1;-5;4;5;0;3;0;0;0;0;0;7;8;3; ; ;0;0;0;0;0;0;0;0;0;0;-22;-48;-48;-48;-48;-48;-48;-48;-48;-48;-48;-48;-48;-48;-48;-48;-48;-48;-48;-48;-48;-48;-48;-48;-48;-48;-48;-48;-48;-48;-48;-48;-48;-48;-48;-48;-48;-48;-48;-48;-48;-48;-48;-48;-48;-48;-48;-48;-48;-48;-48;-48;-48;-48;-48;-48;-48;-48;-48;-48;-48;-48;-48;-48;-48;-48;-48;-48;-48;-48;78;141;141;141;141;141;141;141;141;141;141;141;141;141;141;141;141;141;141;141;141;141;141;141;141;141;141;141;141;141;141;141;141;141;141;141;141;141;141;141;141;141;87;87;87;87;87;74;74;25;-11;-11;-11;-11;-11;-11;-11;-113;-113;-113;-113;-113;-113;-113;-113;-113;-113;-113;-113;-113;-113;-113;-113;-113;-113;-113;-113;-113;-113;-113;-113;-113;-113;-113;-113;-113;-113;-113;-113;-113;-188;-188;-188;-188;-188;-188;-188;-188;-188;-188;-188;-188;-188;-188;-188;-188;-188;-188;-188;-188;-188;-188;-264;-264;-264;-264;-264;-264;-264;-264;-264;-264;-264;-264;-264;-264;-264;-264;-290;-290;-290;-290;-290;-290;-290;-290;-290;-305;-157;-157;-157;-157;-157;-157;-157;-157;-157;-157;-157;-157;-157;-157;-157;-157;-157;-157;-157;-157;-157;-157;-157;-157;-157;-157;-157;-157;-157;-157;-157;-157;-157;-157;-157;-157;-157;-157;-157;-157;-157;-157;-157;-157;-157;-157;-157;-157;-157;-157;-157;-157;-157;-157;-157;-196;-225;-225;-225;-225;-225;-225;-225;-225;-225;-225;-225;-225;-225;-225;-225;-225;-225;-225;-225;-225;-225;-225;-46;-46;-46;-51;-152;-152;-152;-152;-152;-152;-152;-152;-152;-152;-222;-222;-222;-222;-222;-222;-222;-222;-222;-222;-222;-222;-222;-222;-222;-222;-222;-222;-285;-285;-285;-285;-285;-285;-285;-285;-285;-285;-285;-285;-285;-285;-285;-285
SoSimple230.202 2022.01.03-2023.05.18, Sprd=100, StpLev=100, Swaps=-15.92, OPT-2009.01.02-2022.02.01;XAUUSD60;-62;4;-0.75;0; 82_11;350;-0.16;84;-1.9;-47; 6.5*40 =;261;1;2112916801;10;2;0;2;6;0;4;2;0;0;15;3;3;40;1;1;3;4;-5;0;2;0;0;2;0;2;1;7;3; ; ;0;0;0;0;0;0;0;0;0;0;0;0;0;0;0;0;0;0;0;0;0;0;0;0;0;0;0;0;0;0;0;0;0;0;0;0;0;0;0;0;0;0;0;0;0;0;0;0;0;0;0;0;0;0;0;0;0;0;0;0;0;0;0;0;0;0;0;0;0;0;0;0;0;0;0;0;0;0;0;0;0;0;0;0;0;0;0;0;0;0;0;0;0;0;0;0;0;0;0;0;0;0;0;0;0;0;0;0;0;0;0;0;0;0;0;0;0;0;0;0;0;0;0;0;0;0;0;-7;113;173;173;173;173;173;173;173;173;136;136;136;136;136;136;136;136;136;136;136;136;136;136;136;136;136;136;136;136;136;136;136;136;136;136;136;136;136;136;136;136;136;116;116;116;116;116;116;116;116;116;116;116;116;116;116;116;116;116;116;116;116;116;116;91;91;91;91;91;91;91;91;91;91;91;91;91;91;91;91;91;91;91;91;91;91;91;91;91;91;91;91;91;91;91;91;91;91;91;91;91;91;91;91;91;91;91;91;91;91;91;91;91;91;91;91;91;91;91;91;91;91;91;91;91;91;91;91;91;91;91;91;91;91;91;91;91;91;91;91;91;91;91;91;91;91;91;273;273;273;273;273;273;273;273;273;273;273;273;273;273;273;273;273;273;273;273;273;273;273;273;273;273;273;273;273;273;273;273;273;273;273;273;273;273;273;273;273;273;273;273;273;273;273;273;273;273;273;273;273;273;273;273;273;273;273;273;273;273;273;273;273;273;273;273;273
SoSimple230.202 2022.01.03-2023.05.18, Sprd=100, StpLev=100, Swaps=-15.92, OPT-2009.01.02-2022.02.01;XAUUSD60;-62;4;-0.75;0; 82_11;350;-0.16;84;-1.9;-47; 6.5*40 =;261;1;2112908865;10;2;0;2;6;0;4;2;0;0;15;3;3;40;1;1;3;4;-4;0;2;0;0;1;0;2;1;7;3; ; ;0;0;0;0;0;0;0;0;0;0;0;0;0;0;0;0;0;0;0;0;0;0;0;0;0;0;0;0;0;0;0;0;0;0;0;0;0;0;0;0;0;0;0;0;0;0;0;0;0;0;0;0;0;0;0;0;0;0;0;0;0;0;0;0;0;0;0;0;0;0;0;0;0;0;0;0;0;0;0;0;0;0;0;0;0;0;0;0;0;0;0;0;0;0;0;0;0;0;0;0;0;0;0;0;0;0;0;0;0;0;0;0;0;0;0;0;0;0;0;0;0;0;0;0;0;0;0;-7;113;173;173;173;173;173;173;173;173;136;136;136;136;136;136;136;136;136;136;136;136;136;136;136;136;136;136;136;136;136;136;136;136;136;136;136;136;136;136;136;136;136;116;116;116;116;116;116;116;116;116;116;116;116;116;116;116;116;116;116;116;116;116;116;91;91;91;91;91;91;91;91;91;91;91;91;91;91;91;91;91;91;91;91;91;91;91;91;91;91;91;91;91;91;91;91;91;91;91;91;91;91;91;91;91;91;91;91;91;91;91;91;91;91;91;91;91;91;91;91;91;91;91;91;91;91;91;91;91;91;91;91;91;91;91;91;91;91;91;91;91;91;91;91;91;91;91;273;273;273;273;273;273;273;273;273;273;273;273;273;273;273;273;273;273;273;273;273;273;273;273;273;273;273;273;273;273;273;273;273;273;273;273;273;273;273;273;273;273;273;273;273;273;273;273;273;273;273;273;273;273;273;273;273;273;273;273;273;273;273;273;273;273;273;273;273
SoSimple230.202 2022.01.03-2023.05.18, Sprd=100, StpLev=100, Swaps=-15.92, OPT-2009.01.02-2022.02.01;XAUUSD60;-108;5;0;0; 196_176;811;-0.24;32;-7.4;0; 0.4*16 =;7;1;1977477490;10;2;0;4;1;0;4;1;0;1;15;3;2;40;1;1;-3;4;3;1;2;0;2;3;0;0;8;7;0; ; ;0;0;0;0;0;0;0;0;0;0;0;0;0;0;0;0;0;0;0;0;0;0;0;0;0;0;0;0;0;0;0;0;0;0;0;0;0;0;0;0;0;0;0;0;0;0;0;0;0;0;0;0;0;0;0;0;0;0;0;0;0;0;0;0;0;0;0;0;0;0;0;0;0;0;0;0;0;0;0;0;0;0;0;0;14;14;14;14;14;14;14;14;14;14;14;14;14;14;14;14;14;14;14;14;14;14;14;14;14;14;14;14;14;14;14;14;14;14;14;14;14;14;14;14;14;14;14;14;14;14;14;14;14;14;14;14;14;14;14;14;14;14;14;14;14;14;14;14;14;14;14;14;14;14;-3;14;14;14;14;14;14;14;14;14;14;14;14;14;14;14;14;14;14;14;14;14;14;14;14;14;14;14;14;14;14;14;14;14;14;14;14;14;-53;-53;-53;-53;-53;-53;-53;-53;-53;-53;-53;-53;-53;-53;-53;-53;-53;-53;-53;-53;-53;-53;-53;-53;-53;-53;-53;-53;-53;-53;-53;-53;-53;-53;-53;-53;-53;-53;-53;-53;-53;-53;-53;-53;-53;-53;-53;-53;-123;-123;-123;-123;-123;-123;-123;-123;-123;-123;-123;-123;-123;-123;-123;-123;-123;-123;-123;-123;-123;-123;-123;-123;-123;-123;-123;-123;-123;-123;-123;-123;-123;-123;-123;-123;-123;-123;-123;-148;-136;-129;-129;-129;-129;-129;-129;-129;-129;-129;-129;-129;-129;-129;-129;-129;-129;-129;-129;-129;-129;-129;-129;-129;-129;-129;-129;-129;-129;-129;-129;-129;-129;-129;-129;-129;-129;-129;-129;-129;-129;-129;-129;-129;-129;-129;-129;-129;-129;-129;-129;-129;-129;-129;-129;-129;-129;-129;-129;-129;-129;-129;-129;-129
SoSimple230.202 2022.01.03-2023.05.18, Sprd=100, StpLev=100, Swaps=-15.92, OPT-2009.01.02-2022.02.01;XAUUSD60;-319;6;-0.01;0; 608_455;2579;-0.53;49;-10.8;-1; 0.2*12 =;2;1;294190591;10;2;0;4;7;0;3;0;1;1;15;2;3;10;1;1;4;2;-1;2;1;3;3;1;0;3;3;7;3; ; ;0;0;0;0;0;0;0;0;0;0;0;0;0;0;0;0;0;0;0;0;0;0;0;0;0;0;0;0;0;0;0;0;0;0;0;0;0;0;0;0;0;0;0;0;0;0;0;0;0;0;0;0;0;0;0;0;0;0;0;0;0;-172;-172;-172;-172;-172;-172;-172;-172;-172;-172;-218;-161;-161;-161;-161;-161;-161;-161;-161;-161;-161;-161;-161;-161;-161;-161;-161;-161;-161;-161;-161;-161;-161;-161;-161;-161;-161;-161;-161;-161;-161;-161;-161;-161;-161;-161;-161;-161;-161;-184;-184;-184;-184;-184;-184;-184;-184;-184;-184;-184;-184;-184;-184;-184;-184;-184;-184;-184;-184;-184;-184;-184;-184;-184;-184;-184;-184;-184;-184;-184;-184;-184;-184;-184;-184;-184;-184;-184;-184;-184;-184;-184;-184;-184;-184;-184;-278;-332;-200;-200;-200;-200;-200;-200;-200;-200;-200;-200;-200;-200;-200;-200;-200;-200;-200;-200;-200;-200;-200;-200;-200;-200;-200;-200;-200;-200;-200;-200;-200;-200;-200;-200;-200;-200;-200;-200;-200;-200;-200;-200;-200;-200;-200;-200;-200;-200;-200;-200;-200;-200;-200;-235;-253;-314;-314;-314;-314;-314;-314;-314;-314;-314;-314;-314;-314;-314;-314;-314;-314;-314;-314;-314;-314;-314;-314;-314;-314;-314;-314;-396;-396;-396;-396;-396;-396;-396;-396;-396;-396;-396;-396;-396;-396;-396;-416;-565;-514;-412;-412;-412;-412;-412;-412;-412;-412;-412;-412;-412;-412;-412;-412;-412;-412;-412;-412;-412;-412;-412;-412;-412;-412;-412;-412;-412;-412;-412;-412;-412;-412;-412;-412;-412;-412;-412;-412;-412;-412;-412;-412;-412;-412;-412;-412;-412;-412;-412;-412;-412;-412;-412;-412;-412;-412;-412;-412;-412;-412;-412;-412;-412;-412;-412;-412;-412;-412;-412;-412;-412;-412;-412;-412;-412;-412;-412;-412;-412;-412;-412;-412;-412;-412;-412;-412
SoSimple230.202 2022.01.03-2023.05.18, Sprd=100, StpLev=100, Swaps=-15.92, OPT-2009.01.02-2022.02.01;XAUUSD60;-18;1;0;0; 24_23;237;-0.24;0;555;0; 0.0*0 =;0;1;378706435;10;2;0;2;6;0;1;2;1;2;15;2;3;20;1;1;2;4;5;0;1;0;0;-2;0;3;3;8;3; ; ;0;0;0;0;0;0;0;0;0;0;0;0;0;0;0;0;0;0;0;0;0;0;0;0;0;0;0;0;0;0;0;0;0;0;0;0;0;0;0;0;0;0;0;0;0;0;0;0;0;0;0;0;0;0;0;0;0;0;0;0;0;0;0;0;0;0;0;0;0;0;0;0;0;0;0;0;0;0;0;0;0;0;0;0;0;0;0;0;0;0;0;0;0;0;0;0;0;0;0;0;0;0;0;0;0;0;0;0;0;0;0;0;0;0;0;0;0;0;0;0;0;0;0;0;0;0;0;0;0;0;0;0;0;0;0;0;0;0;0;0;0;0;0;0;0;0;0;0;0;0;0;0;0;0;0;0;0;0;0;0;0;0;0;0;0;0;0;0;0;0;0;0;0;0;0;0;0;0;0;0;0;0;0;0;0;0;0;0;0;0;0;0;0;0;0;0;0;0;0;0;0;0;0;0;0;0;0;0;0;0;0;0;0;0;0;0;0;0;0;0;0;0;0;0;0;0;0;0;0;0;0;0;0;0;0;0;0;0;0;0;0;0;0;0;0;0;0;0;0;0;0;0;0;0;0;0;0;0;0;0;0;0;0;0;0;0;0;0;0;0;-23;-23;-23;-23;-23;-23;-23;-23;-23;-23;-23;-23;-23;-23;-23;-23;-23;-23;-23;-23;-23;-23;-23;-23;-23;-23;-23;-23;-23;-23;-23;-23;-23;-23;-23;-23;-23;-23;-23;-23;-23;-23;-23;-23;-23;-23;-23;-23;-23;-23;-23;-23;-23;-23;-23;-23;-23;-23;-23;-23;-23;-23;-23;-23;-23;-23;-23;-23;-23;-23;-23;-23;-23;-23
SoSimple230.202 2022.01.03-2023.05.18, Sprd=100, StpLev=100, Swaps=-15.92, OPT-2009.01.02-2022.02.01;XAUUSD60;-96;5;-0.77;0; 98_27;500;-0.18;26;-7.1;-29; 2.1*28 =;60;1;1959056861;10;2;0;2;7;0;3;0;0;1;15;2;3;20;1;1;1;4;-5;-1;2;3;0;-2;0;3;4;8;3; ; ;0;0;0;0;0;0;0;0;0;0;0;0;0;0;0;0;0;0;0;0;0;0;0;0;0;0;0;0;0;0;0;0;0;0;0;0;0;0;0;0;0;0;0;0;0;0;0;0;0;0;0;0;0;0;0;0;0;0;0;0;0;0;0;0;0;0;0;0;0;0;0;0;0;0;0;0;0;0;0;0;0;0;0;0;0;0;0;0;0;0;0;0;0;0;0;0;0;0;0;0;0;0;0;0;0;0;0;0;0;0;0;0;0;0;0;0;0;0;0;0;0;0;-24;-24;-24;-24;-24;-24;-24;-24;-24;-24;-24;-24;-24;-24;-24;-24;-24;-24;-24;-24;-24;-24;-24;-24;-24;-24;-24;-24;-24;-59;-49;-49;-49;-49;-49;-49;-49;-49;-49;-49;-49;-49;-49;-49;-49;-49;-49;-49;-49;-49;-49;-49;-49;-49;-49;-49;-49;-49;-49;-49;-49;-49;-49;-49;-49;-49;-49;-49;-49;-49;-76;-76;-76;-76;-76;-76;-76;-76;-76;-76;-76;-76;-76;-76;-76;-76;-76;-76;-76;-76;-76;-76;-76;-76;-76;-76;-76;-76;-76;-76;-76;-76;-76;-76;-76;-76;-76;-76;-76;-76;-76;-76;-76;-76;-76;-76;-76;-76;-76;-74;-74;-74;-74;-74;-74;-74;-74;-74;-74;-74;-74;-74;-74;-74;-74;-74;-74;-74;-74;-74;-74;-74;-74;-74;-74;-74;-74;-74;-97;-97;-97;-97;7;7;7;7;7;7;7;7;7;7;7;7;7;7;7;7;7;7;7;7;7;7;7;7;7;7;7;7;7;7;7;7;7;7;7;7;7;7;7;7;7;7;7;7;7;7;7;7;7;7;7;7;7;7;-20;-20;-20;-20;-20;-20;-20;-20;-20;-20;-20;-20;-20;-20;-20;-20
SoSimple230.202 2022.01.03-2023.05.18, Sprd=100, StpLev=100, Swaps=-15.92, OPT-2009.01.02-2022.02.01;XAUUSD60;20;8;0.13;1.21; 157_96;187;0.03;73;0.4;14; 2.1*70 =;145;1;163627267;10;2;0;5;6;0;4;0;0;2;15;2;1;30;1;1;4;2;-5;2;2;1;3;4;0;3;1;8;3; ; ;0;0;0;0;0;0;0;0;0;0;-62;-62;-62;-62;-62;-62;-62;-62;-62;-62;-62;-62;-62;-62;-62;-62;-62;-62;-62;-62;-62;-62;-62;-62;-62;-62;-62;-62;-62;-62;-62;-62;-62;-62;-62;-62;-62;-62;-62;-62;-62;-62;-62;-62;-62;-62;-62;-62;-62;-62;-62;-62;-62;-62;-62;-62;-62;-62;-62;-62;-62;-73;24;112;112;112;112;112;112;112;112;112;112;112;112;112;112;112;112;112;112;112;112;112;112;112;112;112;112;112;215;398;398;398;398;398;398;398;398;398;398;398;398;398;398;398;398;398;398;398;398;398;398;398;398;398;398;398;398;398;398;398;398;398;398;398;398;338;338;338;338;338;338;338;338;338;338;338;338;338;338;338;338;338;338;338;338;338;338;338;338;338;338;338;338;338;338;338;338;338;338;338;338;338;338;338;338;338;338;338;338;338;338;338;338;338;338;338;338;338;338;338;338;338;295;314;334;334;334;334;334;334;334;334;334;334;334;334;334;334;334;334;334;334;334;334;334;334;334;334;334;334;334;334;334;334;334;334;334;334;334;334;334;334;334;334;334;334;334;334;428;428;428;428;428;465;465;465;465;465;465;465;465;465;465;465;465;465;465;465;465;465;465;465;465;465;465;465;465;465;465;465;465;465;465;465;465;483;483;483;483;483;483;483;483;483;483;483;483;483;483;483;483;483;483;483;483;483;483;483;483;483;483;483;483;483;483;483;483;483;483;483;483;483;483;483;483;483;483;483;468;488;488;488;488;488;488;488;488;488;488;488;488;488;488;488;488;488;488;488;488;488;488;488
SoSimple230.202 2022.01.03-2023.05.18, Sprd=100, StpLev=100, Swaps=-15.92, OPT-2009.01.02-2022.02.01;XAUUSD60;29;8;0.21;1.28; 138_84;200;0.04;70;0.6;19; 3.2*50 =;158;1;654319875;10;2;0;5;7;0;4;0;0;2;15;2;1;30;1;1;4;2;-5;3;3;2;3;4;0;3;1;8;3; ; ;0;0;0;0;0;0;0;0;0;0;-62;-62;-62;-62;-62;-62;-62;-62;-62;-62;-62;-62;-62;-62;-62;-62;-62;-62;-62;-62;-62;-62;-62;-62;-62;-62;-62;-62;-62;-62;-62;-62;-62;-62;-62;-62;-62;-62;-62;-62;-62;-62;-62;-62;-62;-62;-62;-62;-62;-62;-62;-62;-62;-62;-62;-62;-62;-62;-62;-62;-62;-73;24;24;24;24;24;24;24;24;24;24;24;24;24;24;24;24;24;24;24;24;24;24;24;24;24;24;24;24;128;310;310;310;310;310;310;310;310;310;310;310;310;310;310;310;310;310;310;310;310;310;310;310;310;310;310;310;310;310;310;310;310;310;310;310;310;251;251;251;251;251;251;251;251;251;251;251;251;251;251;251;251;251;251;251;251;251;251;251;251;251;251;251;251;251;251;251;251;251;251;251;251;251;251;251;251;251;251;251;251;251;251;251;251;251;251;251;251;251;251;251;251;251;207;226;247;247;247;247;247;247;247;247;247;247;247;247;247;247;247;247;247;247;247;247;247;247;247;247;247;247;247;247;247;247;247;247;247;247;247;247;247;247;247;247;247;247;247;247;359;395;395;395;395;395;395;395;395;395;395;395;395;395;395;395;395;395;395;395;395;395;395;395;395;395;395;395;395;395;395;395;395;395;395;395;395;412;412;412;412;412;412;412;412;412;412;412;412;412;412;412;412;412;412;412;412;412;412;412;412;412;412;412;412;412;412;412;412;412;412;412;412;412;412;412;412;412;412;412;397;412;412;412;412;412;412;412;412;412;412;412;412;412;412;412;412;412;412;412;412;412;412;412
SoSimple230.202 2022.01.03-2023.05.18, Sprd=100, StpLev=100, Swaps=-15.92, OPT-2009.01.02-2022.02.01;XAUUSD60;-135;5;0;0.18; 182_178;1090;-0.25;38;-6.7;0; 1.1*28 =;31;1;1669534971;10;2;0;3;2;0;1;0;0;1;15;4;2;40;1;1;-5;4;-5;1;2;2;0;2;0;1;3;6;3; ; ;0;0;0;0;0;0;0;0;0;0;0;0;0;0;0;0;0;0;0;0;0;0;0;0;0;0;0;0;0;0;0;0;0;0;0;0;0;0;0;0;0;0;0;0;0;0;0;0;0;0;0;0;0;0;0;0;0;0;0;0;0;0;0;0;0;0;0;0;0;0;0;0;0;0;0;0;0;0;0;0;0;0;0;0;55;55;55;55;55;55;55;55;55;55;55;55;55;55;55;55;55;55;55;55;55;55;55;55;55;55;55;55;55;55;55;55;55;55;55;55;55;55;-8;-8;-8;-8;-8;-8;-8;-8;-8;-8;-8;-8;-8;-8;-8;-8;-8;-8;-8;-8;-8;-8;-8;-8;-8;-8;-8;-8;-8;-8;-8;-8;-8;-8;-8;-8;-8;-8;-8;-8;-8;-8;-8;-8;-8;-8;-8;-17;-17;-17;-17;-17;-17;-17;-17;-17;-17;-17;-17;-17;-17;-17;-17;-17;-17;-17;-17;-17;-17;-17;-17;-17;-17;-17;-17;-17;-17;-17;-17;-17;-17;-17;-17;-17;-17;-17;-17;-17;-17;-17;-17;-17;-17;-17;-78;-78;-78;-78;-78;-78;-78;-78;-78;-78;-78;-78;-78;-78;-78;-78;-78;-78;-78;-78;-78;-78;-78;-78;-78;-78;-78;-78;-78;-121;-121;-121;-121;-121;-121;-121;-121;-121;-121;-121;-121;-121;-121;-121;-121;-121;-121;-121;-121;-121;-121;-121;-121;-121;-121;-121;-121;-127;-82;-82;-82;-82;-82;-82;-82;-82;-82;-82;-82;-82;-82;-82;-82;-82;-82;-82;-82;-82;-82;-82;-82;-82;-82;-82;-82;-82;-82;-82;-82;-82;-82;-82;-82;-82;-82;-82;-82;-82;-82;-82;-82;-82;-82;-82;-82;-82;-82;-82;-82;-82;-82;-82;-123;-123;-123;-123;-123;-123;-123;-123;-123;-123;-123;-123;-123;-123;-123;-123
SoSimple230.202 2022.01.03-2023.05.18, Sprd=100, StpLev=100, Swaps=-15.92, OPT-2009.01.02-2022.02.01;XAUUSD60;-47;10;-0.33;0.62; 136_63;380;-0.05;45;-1.1;-12; 4.2*38 =;161;1;188420291;10;2;0;3;1;0;1;1;0;1;15;4;3;20;1;1;1;4;-5;0;0;0;3;-2;0;0;5;8;3; ; ;0;0;0;0;0;-17;-17;-17;-17;-17;-35;-35;-35;-35;-35;-35;-35;-35;-35;-35;-35;-35;-35;-35;-35;-35;-35;-35;-35;-35;-35;-35;-35;-35;-35;-35;-35;-35;-59;-59;-59;-59;-59;-59;-59;-59;-59;-59;-59;-59;-59;-59;-59;-59;-59;-59;-59;-59;-59;-59;-59;-59;-59;-59;-59;-59;-59;-59;-59;-59;-59;-59;-59;-59;-59;-59;-59;-59;-59;-59;64;261;235;235;235;235;235;235;235;235;235;235;235;235;235;235;235;235;235;235;235;235;235;235;235;235;235;235;235;235;235;235;235;235;235;235;235;235;235;235;235;235;235;235;235;235;235;235;235;235;235;235;235;235;235;235;235;235;235;235;235;235;235;235;235;235;235;235;235;235;235;235;235;235;235;235;235;235;235;235;235;235;235;235;235;235;235;235;235;235;214;214;214;214;214;214;214;214;214;214;214;214;231;231;231;231;231;231;231;231;231;231;206;206;206;206;206;206;206;206;206;206;206;206;206;206;206;206;206;206;206;206;206;206;206;206;206;206;206;206;206;206;206;206;206;206;206;206;206;206;206;206;206;206;206;206;206;206;206;206;206;206;206;206;206;206;206;206;206;206;204;217;217;217;217;217;217;217;217;217;217;217;217;217;217;217;217;217;217;217;217;217;217;217;218;218;218;218;218;193;193;193;193;193;193;193;210;265;265;265;265;265;265;265;265;265;265;265;265;265;265;265;265;265;265;265;265;265;265;265;265;265;265;265;265;265;265;265;265;265;265;265;265;265;265;265;265;265;265;265;265;265;265;265;265;265;265;265;265;265;265;265;265;265
SoSimple230.202 2022.01.03-2023.05.18, Sprd=100, StpLev=100, Swaps=-15.92, OPT-2009.01.02-2022.02.01;XAUUSD60;-820;16;-0.17;0.15; 889_889;4716;-0.52;43;-12.1;-2; 2.9*9 =;28;1;1338998864;10;2;0;2;3;0;4;2;1;0;15;3;0;40;1;1;-4;2;-4;0;0;0;0;-1;0;0;2;7;2; ; ;0;0;0;0;0;0;0;0;0;0;0;0;-52;-52;-52;-52;-52;-52;-52;-52;-52;-105;-110;-110;-148;-166;-166;-166;-166;-166;-166;-166;-166;-166;-166;-166;-166;-166;-238;-238;-238;-238;-238;-238;-238;-238;-238;-238;-238;-238;-238;-238;-238;-238;-238;-238;-238;-238;-238;-238;-238;-238;-328;-328;-328;-328;-328;-328;-328;-328;-328;-328;-328;-328;-328;-328;-328;-328;-328;-364;-258;-129;-211;-293;-293;-293;-382;-382;-382;-382;-382;-382;-382;-382;-382;-470;-470;-470;-470;-470;-470;-470;-470;-543;-543;-543;-543;-608;-608;-608;-608;-608;-640;-640;-640;-640;-640;-640;-640;-640;-640;-640;-640;-640;-640;-640;-640;-640;-640;-640;-640;-640;-640;-640;-640;-640;-640;-640;-640;-640;-640;-640;-640;-710;-710;-710;-710;-710;-710;-710;-710;-710;-710;-710;-710;-710;-710;-710;-710;-710;-710;-710;-710;-710;-710;-710;-710;-710;-740;-740;-740;-740;-740;-740;-740;-740;-740;-740;-740;-740;-740;-740;-740;-740;-740;-740;-740;-740;-740;-740;-765;-549;-627;-627;-627;-627;-627;-627;-627;-627;-627;-627;-627;-627;-627;-627;-627;-627;-627;-627;-627;-627;-627;-627;-627;-627;-627;-627;-627;-627;-627;-664;-664;-664;-664;-664;-664;-664;-664;-664;-664;-664;-664;-664;-664;-664;-664;-664;-664;-664;-664;-664;-664;-664;-664;-664;-664;-664;-664;-664;-664;-664;-664;-664;-664;-664;-664;-664;-664;-664;-664;-664;-664;-664;-664;-664;-664;-664;-664;-664;-737;-737;-737;-809;-809;-809;-809;-809;-809;-809;-809;-809;-809;-809;-809;-809;-809;-809;-809;-809;-809;-809;-809;-809;-809;-809;-809;-809;-809;-809;-809;-809;-809;-809;-809;-809;-809;-809;-809;-809;-809;-809;-809;-809;-809;-809;-809;-809;-809;-809;-809;-809;-809;-809;-809;-809;-809;-809;-809;-809;-809;-809;-809;-809;-809;-889;-889;-889;-889;-889;-889;-889;-889;-889
SoSimple230.202 2022.01.03-2023.05.18, Sprd=100, StpLev=100, Swaps=-15.92, OPT-2009.01.02-2022.02.01;XAUUSD60;-284;7;-0.59;0.09; 327_121;987;-0.42;96;-4.4;-29; 0.6*55 =;36;1;1667951007;10;2;0;5;3;0;2;0;0;1;15;2;3;30;1;1;-1;4;-5;0;2;3;0;-3;0;1;2;7;3; ; ;0;0;0;0;0;0;7;7;7;7;7;7;7;7;7;7;7;7;7;7;7;7;7;7;7;7;7;7;7;7;7;7;7;7;7;7;7;7;7;7;7;7;7;7;7;7;7;7;7;7;7;7;7;7;7;7;7;7;7;7;7;7;7;7;7;7;7;7;7;7;7;7;7;7;7;7;7;7;7;7;7;7;7;7;7;7;7;7;7;7;7;7;7;7;7;7;7;7;7;7;41;41;41;41;41;41;41;41;-103;-103;-103;-108;-24;-24;-24;-24;-24;-24;-24;-24;-24;-24;-24;-24;-24;-24;-24;-24;-24;-24;-24;-24;-24;-24;-24;-24;-24;-24;-24;-24;-24;-24;-24;-24;-24;-24;-24;-24;-24;-24;-24;-24;-24;-24;-24;-24;-24;-24;-24;-24;-24;-24;-24;-24;-24;-24;-24;-24;-24;-24;-24;-24;-24;-24;-24;-24;-24;-24;-24;-24;-24;-24;-24;-24;-24;-24;-24;-24;-24;-24;-24;-24;-197;-157;-29;-29;-29;-29;-29;-29;-29;-29;-29;-29;-29;-184;8;8;8;8;8;8;8;8;8;8;8;8;8;8;8;8;8;8;8;8;8;8;8;8;8;8;8;8;8;8;8;8;8;8;-111;-111;-111;-111;-111;-111;-111;-111;-111;-111;-111;-111;-111;-111;-111;-111;-111;-111;-111;-111;-111;-111;-111;-111;-111;-111;-111;-111;-111;-111;-111;-111;-111;-111;-111;-111;-255;-255;-255;-255;-255;-255;-255;-255;-255;-255;-255;-255;-255;-285;-246;-79;-79;-79;-79;-79;-79;-79;-79;-79;-79;-79;-79;-79;-79;-79;-79;-79;-79;-79;-79;-79;-79;-79;-79;-79;-79;-79;-79;-79;-79;-79;-79;-79;-79;-79;-79;-79;-79;-79;-79;-79;-79;-79;-79;-79;-79;-79;-79;-79;-79;-79;-79;-79
SoSimple230.202 2022.01.03-2023.05.18, Sprd=100, StpLev=100, Swaps=-15.92, OPT-2009.01.02-2022.02.01;XAUUSD60;-458;20;-0.87;0; 304_257;1527;-0.23;25;-9.2;-9; 7.9*7 =;61;1;799786465;10;2;0;2;4;0;3;0;0;0;15;3;2;20;1;1;2;4;-5;0;2;2;0;-4;0;0;1;7;1; ; ;0;0;0;0;0;0;0;-11;-11;-11;-47;-47;-47;-47;-47;-47;-47;-47;-47;-47;-47;-47;-47;-47;-66;-84;-84;-84;-84;-84;-84;-84;-84;-110;-110;-110;-110;-110;-110;-110;-110;-110;-110;-110;-110;-110;-110;-110;-110;-110;-110;-110;-110;-110;-110;-110;-110;-110;-110;-110;-110;-110;-110;-110;-110;-110;-110;-110;-110;-110;-110;-110;-110;-110;-110;-110;-110;-110;-110;-110;-110;-110;-110;-110;-110;-110;-110;-110;-110;-110;-110;-110;-110;-110;-110;-110;-110;-110;-110;-110;-110;-110;-110;-110;-110;-110;-110;-131;-141;-141;-141;-141;-176;-176;-176;-176;-176;-176;-176;-176;-176;-201;-201;-201;-201;-201;-201;-212;-229;-229;-229;-229;-229;-229;-229;-246;-246;-269;-269;-269;-269;-269;-269;-269;-269;-269;-269;-269;-269;-269;-269;-269;-269;-269;-269;-269;-269;-269;-269;-269;-269;-269;-269;-269;-269;-269;-269;-269;-303;-303;-303;-303;-303;-303;-303;-165;-165;-165;-165;-165;-165;-165;-165;-165;-165;-165;-165;-165;-165;-165;-165;-165;-165;-165;-165;-165;-165;-165;-165;-165;-165;-165;-165;-165;-165;-165;-165;-165;-178;-178;-178;-178;-178;-178;-178;-178;-178;-212;-212;-212;-212;-212;-212;-212;-212;-212;-96;47;47;47;47;47;47;47;47;47;47;9;9;9;-31;-31;-31;-31;-31;-68;-68;-68;-68;-68;-68;-68;-68;-68;-68;-68;-68;-91;-91;-91;-91;-91;-91;-91;-91;-91;-91;-91;-91;-117;-117;-117;-117;-117;-117;-117;-117;-117;-117;-117;-117;-117;-132;-132;-132;-132;-132;-132;-132;-132;-132;-132;-132;-132;-132;-132;-132;-132;-132;-132;-132;-132;-132;-132;-132;-132;-132;-132;-132;-132;-154;-154;-154;-154;-154;-154;-154;-154;-154;-154;-154;-154;-154;-154;-154;-154;-154;-154;-209;-209;-209;-209;-209;-209;-209;-209;-209;-209;-209;-209;-209;-209;-209;-209
SoSimple230.202 2022.01.03-2023.05.18, Sprd=100, StpLev=100, Swaps=-15.92, OPT-2009.01.02-2022.02.01;XAUUSD60;-139;8;-0.02;0.14; 237_177;868;-0.17;28;-5.9;-1; 0.3*54 =;17;1;155156979;10;2;0;3;4;0;2;0;1;0;15;2;2;20;1;1;4;2;-5;0;3;1;2;0;0;3;6;4;3; ; ;0;0;0;0;0;0;0;0;0;0;0;0;0;0;0;0;0;0;0;0;0;-19;-19;-19;-19;-19;-19;-19;-19;-19;-19;-19;-19;-19;-19;-19;-19;-19;-19;-19;-19;-19;-19;-19;-19;-19;-19;-19;-19;-19;-19;-19;-19;-19;-19;-19;-19;-19;-19;-19;-19;-19;-19;-19;-19;-44;-8;-8;-8;-8;-8;-8;-8;-8;-39;1;1;1;1;18;42;42;42;42;2;-62;-62;-62;-62;-62;-62;-62;-62;-62;-62;-62;-62;-62;-62;-62;-62;-62;-62;-62;-70;-113;-113;-113;-113;-113;-113;-113;-113;-113;-113;-113;-113;-113;-113;-113;-113;-113;-113;-113;-113;-167;-129;-129;-129;-129;-129;-129;-129;-129;-129;-129;-129;-129;-129;-129;-129;-129;-129;-129;-129;-129;-129;-129;-129;-129;-129;-129;-129;-129;-129;-129;-129;-133;-194;-120;-120;-120;-120;-120;-120;-120;-120;-120;-120;-120;-120;-120;-120;-120;-120;-120;-120;-120;-120;-120;-120;-120;-120;-120;-120;-120;-120;-120;-120;-120;-120;-120;-120;-120;-132;-111;-111;-111;-111;-111;-111;-111;-111;-111;-111;-111;-111;-111;-111;-111;-111;-111;-111;-111;-111;-111;-111;-111;-111;-111;-111;-111;-111;-111;-111;-111;-111;-111;-111;-111;-111;-111;-111;-111;-111;-111;-111;-111;-111;-111;-111;-111;-111;-111;-111;-111;-111;-111;-111;-111;-111;-111;-111;-111;-111;-111;-111;-111;-111;-111;-111;-111;-111;-111;-111;-111;-111;-111;-111;-111;-111;-111;-111;-135;-135;-135;-135;-135;-135;-135;-135;-135;-135;-135;-135;-135;-135;-135;-135;-135;-135;-135;-135;-135;-135;-135;-135;-135;-135;-135;-135;-135;-135;-135;-135;-135;-135;-135;-135;-135;-135;-135;-135;-135;-135;-135;-135;-135;-135;-135;-135;-135;-135;-135;-135;-135;-135;-135;-135;-135;-135;-135;-135;-135;-135;-135;-135;-135;-135;-135;-135;-135;-135;-135
SoSimple230.202 2022.01.03-2023.05.18, Sprd=100, StpLev=100, Swaps=-15.92, OPT-2009.01.02-2022.02.01;XAUUSD60;-131;8;-0.02;0.19; 237_166;848;-0.16;29;-5.4;-1; 0.4*54 =;19;1;155166195;10;2;0;3;4;0;2;0;1;0;15;2;2;20;1;1;4;2;-5;0;2;3;0;-3;0;3;6;4;3; ; ;0;0;0;0;0;0;0;0;0;0;0;0;0;0;0;0;0;0;0;0;0;-19;-19;-19;-19;-19;-19;-19;-19;-19;-19;-19;-19;-19;-19;-19;-19;-19;-19;-19;-19;-19;-19;-19;-19;-19;-19;-19;-19;-19;-19;-19;-19;-19;-19;-19;-19;-19;-19;-19;-19;-19;-19;-19;-19;-44;-8;-8;-8;-8;-8;-8;-8;-8;-39;1;1;1;1;18;42;42;42;42;2;-62;-62;-62;-62;-62;-62;-62;-62;-62;-62;-62;-62;-62;-62;-62;-62;-62;-62;-62;-70;-113;-113;-113;-113;-113;-113;-113;-113;-113;-113;-113;-113;-113;-113;-113;-113;-113;-113;-113;-113;-167;-129;-129;-129;-129;-129;-129;-129;-129;-129;-129;-129;-129;-129;-129;-129;-129;-129;-129;-129;-129;-129;-129;-129;-129;-129;-129;-129;-129;-129;-129;-129;-133;-194;-120;-120;-120;-120;-120;-120;-120;-120;-120;-120;-120;-120;-120;-120;-120;-120;-120;-120;-120;-120;-120;-120;-120;-120;-120;-120;-120;-120;-120;-120;-120;-120;-120;-120;-120;-132;-113;-101;-101;-101;-101;-101;-101;-101;-101;-101;-101;-101;-101;-101;-101;-101;-101;-101;-101;-101;-101;-101;-101;-101;-101;-101;-101;-101;-101;-101;-101;-101;-101;-101;-101;-101;-101;-101;-101;-101;-101;-101;-101;-101;-101;-101;-101;-101;-101;-101;-101;-101;-101;-101;-101;-101;-101;-101;-101;-101;-101;-101;-101;-101;-101;-101;-101;-101;-101;-101;-101;-101;-101;-101;-101;-101;-101;-101;-124;-124;-124;-124;-124;-124;-124;-124;-124;-124;-124;-124;-124;-124;-124;-124;-124;-124;-124;-124;-124;-124;-124;-124;-124;-124;-124;-124;-124;-124;-124;-124;-124;-124;-124;-124;-124;-124;-124;-124;-124;-124;-124;-124;-124;-124;-124;-124;-124;-124;-124;-124;-124;-124;-124;-124;-124;-124;-124;-124;-124;-124;-124;-124;-124;-124;-124;-124;-124;-124;-124
