Time;SerGo;Like;Buka;Hohla;Valera
18.02.2025 5:42;619;1002;373;855;469
18.02.2025 5:43;358;373;349;168;74
18.02.2025 5:44;347;361;339;165;74
18.02.2025 5:46;294;306;286;140;62
18.02.2025 5:47;269;195;99;252;122
18.02.2025 5:48;255;56;218;242;251
18.02.2025 5:49;267;195;99;250;122
18.02.2025 5:50;284;296;276;129;58
18.02.2025 5:51;316;55;213;237;246
18.02.2025 5:52;315;282;265;126;57
18.02.2025 5:53;315;282;265;126;57
18.02.2025 5:54;290;115;117;52;196
18.02.2025 5:55;312;279;263;126;57
18.02.2025 5:56;314;279;262;125;57
18.02.2025 5:57;305;52;200;223;232
18.02.2025 5:58;381;277;260;123;57
18.02.2025 5:59;351;111;113;52;192
18.02.2025 6:00;376;176;284;227;112
18.02.2025 6:01;377;265;307;119;55
18.02.2025 6:02;344;108;284;50;183
18.02.2025 6:03;369;52;296;219;228
18.02.2025 6:04;366;52;295;219;228
18.02.2025 6:05;337;103;278;49;175
18.02.2025 6:06;365;51;293;214;223
18.02.2025 6:07;334;103;277;48;177
18.02.2025 6:08;347;240;280;108;48
18.02.2025 6:09;361;227;282;101;47
18.02.2025 6:10;316;87;247;43;152
18.02.2025 6:11;350;225;276;99;46
18.02.2025 6:12;352;43;269;187;195
18.02.2025 6:13;359;152;248;197;98
18.02.2025 6:14;330;91;253;45;156
18.02.2025 6:15;357;227;280;101;47
18.02.2025 6:16;347;140;291;180;91
18.02.2025 6:17;314;76;295;42;136
18.02.2025 6:18;349;195;302;94;45
18.02.2025 6:19;343;39;298;161;169
18.02.2025 6:20;338;38;293;160;168
18.02.2025 6:21;347;187;295;202;44
18.02.2025 6:22;336;37;288;233;160
18.02.2025 6:23;358;185;294;201;44
18.02.2025 6:24;352;71;289;194;128
18.02.2025 6:25;358;185;294;201;44
18.02.2025 6:26;358;185;294;201;44
18.02.2025 6:27;359;185;295;201;44
18.02.2025 6:28;359;185;294;201;44
18.02.2025 6:29;354;38;287;233;159
18.02.2025 6:30;408;304;195;162;110
18.02.2025 6:31;328;65;271;188;122
18.02.2025 6:32;350;127;281;239;84
18.02.2025 6:33;357;184;293;200;44
18.02.2025 6:34;354;38;288;231;160
18.02.2025 6:35;352;128;282;238;85
18.02.2025 6:36;353;38;287;229;160
18.02.2025 6:37;337;64;278;162;107
18.02.2025 6:38;321;110;261;169;140
18.02.2025 6:39;338;132;261;225;109
18.02.2025 6:40;318;95;253;157;123
18.02.2025 6:41;336;153;269;180;73
18.02.2025 6:42;277;89;222;142;113
18.02.2025 6:43;335;76;260;207;142
18.02.2025 6:44;318;95;252;155;122
18.02.2025 6:45;335;75;259;207;141
18.02.2025 6:46;311;90;241;148;117
18.02.2025 6:47;285;64;214;174;119
18.02.2025 6:48;429;130;229;154;62
18.02.2025 6:49;310;64;218;177;118
18.02.2025 6:50;300;84;211;132;106
18.02.2025 6:51;310;96;211;179;83
18.02.2025 6:52;298;82;211;130;104
18.02.2025 6:53;304;94;206;177;81
18.02.2025 6:54;298;81;211;129;103
18.02.2025 6:55;311;125;227;150;61
18.02.2025 6:56;309;63;218;174;114
18.02.2025 6:57;309;95;209;177;81
18.02.2025 6:58;309;124;226;149;61
18.02.2025 6:59;208;270;169;115;255
18.02.2025 7:00;309;95;209;174;80
18.02.2025 7:01;306;60;215;170;111
18.02.2025 7:02;309;123;224;149;58
18.02.2025 7:03;309;94;209;173;79
18.02.2025 7:04;297;77;209;126;100
18.02.2025 7:05;308;94;208;172;79
18.02.2025 7:06;308;94;208;171;79
18.02.2025 7:07;298;95;213;142;118
18.02.2025 7:08;313;48;200;190;59
18.02.2025 7:09;318;64;198;217;55
18.02.2025 7:10;317;64;198;217;55
18.02.2025 7:11;317;63;196;216;54
18.02.2025 7:12;318;41;214;217;66
18.02.2025 7:13;312;47;198;188;58
18.02.2025 7:14;319;73;223;205;42
18.02.2025 7:15;311;47;196;184;58
18.02.2025 7:16;319;72;220;202;41
18.02.2025 7:17;315;70;218;200;41
18.02.2025 7:18;311;47;196;184;58
18.02.2025 7:19;316;71;215;197;41
18.02.2025 7:20;316;70;215;197;41
18.02.2025 7:21;316;70;215;197;41
18.02.2025 7:22;315;119;205;207;61
18.02.2025 7:23;307;124;192;181;55
18.02.2025 7:24;313;139;189;208;51
18.02.2025 7:25;315;118;205;207;61
18.02.2025 7:26;315;148;215;197;41
18.02.2025 7:27;309;139;189;208;51
18.02.2025 7:28;314;118;205;207;61
18.02.2025 7:29;299;116;184;172;53
18.02.2025 7:30;331;56;253;254;29
18.02.2025 7:31;277;128;184;171;39
18.02.2025 7:32;287;110;332;162;51
18.02.2025 7:33;298;126;331;185;46
18.02.2025 7:34;324;53;148;243;24
18.02.2025 7:35;295;106;334;181;56
18.02.2025 7:36;295;105;334;179;55
18.02.2025 7:37;293;123;330;178;45
18.02.2025 7:38;293;123;330;178;45
18.02.2025 7:39;295;103;334;176;55
18.02.2025 7:40;293;123;330;177;45
18.02.2025 7:42;282;108;331;156;50
18.02.2025 7:43;291;126;329;170;38
18.02.2025 7:44;294;127;334;170;38
18.02.2025 7:45;290;122;326;175;45
18.02.2025 7:46;290;121;328;175;45
18.02.2025 7:47;294;126;334;169;38
18.02.2025 7:48;280;107;330;156;48
18.02.2025 7:49;294;126;334;169;38
18.02.2025 7:50;280;106;331;156;48
18.02.2025 7:51;291;120;330;175;45
18.02.2025 7:52;288;119;326;173;45
18.02.2025 7:53;267;84;287;124;41
18.02.2025 7:54;282;77;293;132;36
18.02.2025 7:55;278;81;288;120;33
18.02.2025 7:56;282;91;288;134;30
18.02.2025 7:57;283;94;297;129;26
18.02.2025 7:58;280;90;286;133;30
18.02.2025 7:59;274;78;284;117;33
18.02.2025 8:00;277;91;293;125;26
18.02.2025 8:01;270;78;280;117;33
18.02.2025 8:02;241;80;248;120;29
18.02.2025 8:03;277;90;293;125;26
18.02.2025 8:04;276;87;283;131;30
18.02.2025 8:05;270;81;277;125;27
18.02.2025 8:06;259;68;266;114;23
18.02.2025 8:07;155;26;340;79;235
18.02.2025 8:08;145;20;335;74;241
18.02.2025 8:09;431;67;290;95;446
18.02.2025 8:10;424;14;276;55;439
18.02.2025 8:11;428;17;281;57;441
18.02.2025 8:12;430;28;283;7;442
18.02.2025 8:13;426;14;276;59;441
18.02.2025 8:14;428;16;276;60;441
18.02.2025 8:15;427;12;274;44;441
18.02.2025 8:16;427;12;269;47;441
18.02.2025 8:17;428;14;276;45;441
18.02.2025 8:18;428;14;276;45;441
18.02.2025 8:19;427;12;275;47;440
18.02.2025 8:20;426;12;273;43;439
18.02.2025 8:21;426;14;271;48;440
18.02.2025 8:22;427;12;273;44;440
18.02.2025 8:23;427;12;273;47;440
18.02.2025 8:24;427;12;273;47;440
18.02.2025 8:25;426;12;268;47;438
18.02.2025 8:26;427;12;272;47;440
18.02.2025 8:27;426;9;268;42;439
18.02.2025 8:28;426;9;265;43;437
18.02.2025 8:29;426;9;265;40;440
18.02.2025 8:30;425;13;265;45;439
18.02.2025 8:31;425;9;265;43;439
18.02.2025 8:32;425;9;264;40;438
18.02.2025 8:33;425;9;265;43;439
18.02.2025 8:34;425;13;264;45;438
18.02.2025 8:35;425;9;265;43;439
18.02.2025 8:36;425;13;265;45;438
18.02.2025 8:37;425;13;265;45;438
18.02.2025 8:38;425;13;267;42;437
18.02.2025 8:39;425;13;267;42;437
18.02.2025 8:40;425;13;265;45;437
18.02.2025 8:41;425;13;265;45;437
18.02.2025 8:42;425;13;266;42;437
18.02.2025 8:43;425;9;264;40;438
18.02.2025 8:44;425;13;266;42;436
18.02.2025 8:45;425;9;263;43;438
18.02.2025 8:46;425;13;265;42;437
18.02.2025 8:47;424;13;255;44;435
18.02.2025 8:48;430;68;210;25;442
18.02.2025 8:49;425;13;263;45;437
18.02.2025 8:51;422;13;264;42;434
18.02.2025 8:52;422;13;263;42;434
18.02.2025 8:53;420;13;256;42;434
18.02.2025 8:54;422;13;264;42;434
18.02.2025 8:55;422;9;262;43;435
18.02.2025 8:56;422;9;262;40;435
18.02.2025 8:57;421;9;261;40;433
18.02.2025 8:58;422;12;261;41;434
18.02.2025 8:59;422;12;262;41;434
18.02.2025 9:00;421;12;260;41;433
18.02.2025 9:01;421;9;261;42;435
18.02.2025 9:02;420;9;255;40;434
18.02.2025 9:03;419;12;254;40;432
18.02.2025 9:04;418;9;254;36;433
18.02.2025 9:05;418;12;255;39;432
18.02.2025 9:06;418;12;251;40;432
18.02.2025 9:07;416;11;238;39;443
18.02.2025 9:08;418;12;250;38;432
18.02.2025 9:09;417;12;254;38;431
18.02.2025 9:10;417;9;253;35;431
18.02.2025 9:11;417;9;253;35;431
18.02.2025 9:12;417;9;253;35;431
18.02.2025 9:13;417;12;251;38;430
18.02.2025 9:14;417;9;251;38;431
18.02.2025 9:15;417;9;251;34;431
18.02.2025 9:16;416;12;249;36;431
18.02.2025 9:17;416;9;249;34;431
18.02.2025 9:18;416;12;247;36;431
18.02.2025 9:19;416;9;248;34;431
18.02.2025 9:20;416;9;248;34;431
18.02.2025 9:21;416;9;248;34;431
18.02.2025 9:22;416;12;248;36;431
18.02.2025 9:23;416;12;248;37;431
18.02.2025 9:24;416;9;248;37;431
18.02.2025 9:26;415;12;237;36;430
18.02.2025 9:27;416;9;248;37;430
18.02.2025 9:28;416;12;248;37;430
18.02.2025 9:29;416;10;234;34;427
18.02.2025 9:30;416;9;248;34;430
18.02.2025 9:31;414;12;243;34;428
18.02.2025 9:32;414;9;245;32;429
18.02.2025 9:33;414;12;244;34;430
18.02.2025 9:34;414;12;246;34;430
18.02.2025 9:35;414;9;245;32;430
18.02.2025 9:36;414;12;245;34;430
18.02.2025 9:37;414;9;245;32;430
18.02.2025 9:38;413;9;245;35;429
18.02.2025 9:39;413;9;244;35;429
18.02.2025 9:40;412;11;245;32;429
18.02.2025 9:41;412;8;244;33;429
18.02.2025 9:42;428;8;245;29;429
18.02.2025 9:43;416;11;244;33;429
18.02.2025 9:44;414;8;235;32;426
18.02.2025 9:45;416;8;242;33;429
18.02.2025 9:46;412;8;227;28;428
18.02.2025 9:47;455;11;244;31;428
18.02.2025 9:48;1117;8;242;33;428
18.02.2025 9:49;1117;8;242;33;428
18.02.2025 9:50;1118;7;236;31;428
18.02.2025 9:51;1120;10;239;30;428
18.02.2025 9:52;1166;10;238;32;428
18.02.2025 9:53;1166;8;237;27;427
18.02.2025 9:54;1165;8;238;27;428
18.02.2025 9:55;1165;8;237;27;428
18.02.2025 9:56;1165;8;238;27;428
18.02.2025 9:57;1165;8;238;32;428
18.02.2025 9:58;1165;10;239;30;428
18.02.2025 9:59;1165;8;238;32;428
18.02.2025 10:00;1165;10;238;32;428
18.02.2025 10:01;1165;8;238;40;427
18.02.2025 10:02;1165;10;239;36;428
18.02.2025 10:03;1165;8;238;40;428
18.02.2025 10:04;1165;8;236;40;428
18.02.2025 10:05;1165;8;238;33;428
18.02.2025 10:06;1165;8;238;33;428
18.02.2025 10:07;1165;10;238;36;428
18.02.2025 10:08;1165;8;238;40;428
18.02.2025 10:09;1165;10;236;36;428
18.02.2025 10:10;1165;8;237;33;428
18.02.2025 10:11;1165;8;238;33;428
18.02.2025 10:12;1164;8;238;40;428
18.02.2025 10:13;1164;8;238;33;428
18.02.2025 10:14;1164;8;238;40;428
18.02.2025 10:15;1164;10;239;36;428
18.02.2025 10:16;1164;8;231;38;425
18.02.2025 10:17;1164;10;238;40;428
18.02.2025 10:18;1164;10;238;40;428
18.02.2025 10:19;1164;8;238;33;428
18.02.2025 10:20;1164;8;238;39;428
18.02.2025 10:21;1164;8;238;33;428
18.02.2025 10:22;1164;8;238;33;428
18.02.2025 10:23;1164;10;239;36;428
18.02.2025 10:24;1164;10;233;40;428
18.02.2025 10:25;1164;8;237;39;428
18.02.2025 10:26;1164;8;237;33;428
18.02.2025 10:27;1164;8;236;39;428
18.02.2025 10:28;1164;8;234;38;427
18.02.2025 10:29;1164;8;236;38;428
18.02.2025 10:30;1164;10;236;35;427
18.02.2025 10:31;1163;8;235;32;428
18.02.2025 10:32;1163;8;234;37;428
18.02.2025 10:33;1163;8;233;37;428
18.02.2025 10:34;1163;8;233;37;428
18.02.2025 10:35;1163;8;233;37;428
18.02.2025 10:36;1163;8;234;32;428
18.02.2025 10:37;1163;10;235;34;428
18.02.2025 10:38;1162;10;235;34;427
18.02.2025 10:39;1163;10;234;38;427
18.02.2025 10:40;1163;8;232;37;427
18.02.2025 10:41;1163;8;233;32;427
18.02.2025 10:42;1163;8;232;37;427
18.02.2025 10:43;1163;8;233;32;427
18.02.2025 10:44;1163;10;234;34;427
18.02.2025 10:45;1162;10;234;34;427
18.02.2025 10:46;1162;10;234;34;427
18.02.2025 10:47;1162;10;234;34;427
18.02.2025 10:48;1162;9;221;33;423
18.02.2025 10:49;1162;10;233;38;426
18.02.2025 10:50;1162;8;230;32;424
18.02.2025 10:51;1162;8;225;34;422
18.02.2025 10:52;1160;10;225;31;422
18.02.2025 10:53;1158;10;223;35;422
18.02.2025 10:54;1158;8;222;29;421
18.02.2025 10:55;1158;10;225;31;422
18.02.2025 10:56;1157;8;226;34;422
18.02.2025 10:57;1157;8;226;34;422
18.02.2025 10:58;1157;10;224;35;422
18.02.2025 10:59;1157;8;224;29;422
18.02.2025 11:00;1156;10;224;31;420
18.02.2025 11:01;1157;10;224;31;421
18.02.2025 11:02;1157;8;226;34;422
18.02.2025 11:03;1157;10;225;31;422
18.02.2025 11:04;1157;8;224;29;422
18.02.2025 11:05;1157;8;223;29;422
18.02.2025 11:06;1156;10;224;31;422
18.02.2025 11:07;1156;8;222;28;422
18.02.2025 11:08;1155;8;225;34;422
18.02.2025 11:09;1155;8;223;29;422
18.02.2025 11:10;1155;8;223;29;422
18.02.2025 11:11;1155;10;223;35;422
18.02.2025 11:12;1155;8;223;29;422
18.02.2025 11:13;1155;10;224;31;422
18.02.2025 11:14;1155;8;212;29;421
18.02.2025 11:16;1155;10;223;35;422
18.02.2025 11:17;1155;10;223;35;422
18.02.2025 11:18;1154;8;221;34;421
18.02.2025 11:19;1155;8;223;29;422
18.02.2025 11:20;1154;10;224;29;421
18.02.2025 11:21;1154;10;224;43;421
18.02.2025 11:22;1154;8;223;40;421
18.02.2025 11:23;1154;8;223;40;421
18.02.2025 11:24;1155;16;230;51;422
18.02.2025 11:25;1154;8;223;40;421
18.02.2025 11:26;1154;8;223;40;421
18.02.2025 11:27;1154;10;224;42;421
18.02.2025 11:28;1154;10;222;45;421
18.02.2025 11:29;1154;10;222;45;421
18.02.2025 11:30;1154;8;224;46;421
18.02.2025 11:31;1154;8;223;46;421
18.02.2025 11:32;1154;8;224;56;421
18.02.2025 11:33;1154;10;222;53;421
18.02.2025 11:34;1153;10;224;51;420
18.02.2025 11:35;1153;8;223;46;420
18.02.2025 11:36;1153;8;223;46;420
18.02.2025 11:37;1153;10;218;50;420
18.02.2025 11:38;1153;10;224;50;420
18.02.2025 11:39;1153;10;224;50;420
18.02.2025 11:40;1153;10;223;48;420
18.02.2025 11:41;1150;10;222;49;420
18.02.2025 11:42;1150;10;222;49;420
18.02.2025 11:43;1150;10;223;48;420
18.02.2025 11:44;1150;10;223;48;420
18.02.2025 11:45;1150;8;222;44;420
18.02.2025 11:46;1150;8;222;44;419
18.02.2025 11:47;1150;10;223;48;420
18.02.2025 11:48;1150;8;222;44;422
18.02.2025 11:49;1150;8;222;44;422
18.02.2025 11:50;1150;8;222;50;421
18.02.2025 11:51;1150;10;222;49;420
18.02.2025 11:52;1150;10;222;49;420
18.02.2025 11:53;1150;8;223;52;421
18.02.2025 11:54;1150;8;223;52;421
18.02.2025 11:55;1150;10;222;49;420
18.02.2025 11:56;1150;10;222;48;420
18.02.2025 11:57;1150;8;222;43;421
18.02.2025 11:58;1150;10;222;47;420
18.02.2025 11:59;1150;10;222;47;420
18.02.2025 12:00;1150;10;220;47;420
18.02.2025 12:01;1150;8;222;42;421
18.02.2025 12:02;1150;8;222;41;421
18.02.2025 12:03;1150;10;222;45;420
18.02.2025 12:04;1150;80;264;37;416
18.02.2025 12:05;1150;8;223;48;421
18.02.2025 12:06;1150;8;222;41;421
18.02.2025 12:07;1149;10;222;45;420
18.02.2025 12:08;1149;10;222;45;420
18.02.2025 12:09;1148;8;222;48;421
18.02.2025 12:10;1147;8;222;47;420
18.02.2025 12:11;1148;8;221;40;420
18.02.2025 12:12;1148;10;221;44;419
18.02.2025 12:13;1147;10;219;44;418
18.02.2025 12:14;1148;10;221;44;419
18.02.2025 12:15;1148;10;221;44;419
18.02.2025 12:16;1148;10;221;44;419
18.02.2025 12:17;1148;10;221;44;419
18.02.2025 12:18;1148;10;221;43;419
18.02.2025 12:19;1146;8;221;46;420
18.02.2025 12:20;1148;8;220;40;420
18.02.2025 12:21;1148;10;219;44;419
18.02.2025 12:22;1144;10;220;44;419
18.02.2025 12:23;1143;10;220;44;419
18.02.2025 12:24;1143;8;219;40;420
18.02.2025 12:25;1143;10;219;44;419
18.02.2025 12:26;1143;8;220;46;420
18.02.2025 12:27;1143;8;219;40;420
18.02.2025 12:28;1143;7;220;46;420
18.02.2025 12:29;1143;7;219;39;420
18.02.2025 12:30;1143;9;218;44;419
18.02.2025 12:31;1143;7;218;46;419
18.02.2025 12:32;1143;9;218;43;418
18.02.2025 12:33;1143;9;218;44;419
18.02.2025 12:34;1143;7;220;46;420
18.02.2025 12:35;1143;9;216;42;418
18.02.2025 12:36;1143;7;219;46;420
18.02.2025 12:37;1143;9;219;43;419
18.02.2025 12:38;1143;9;219;43;418
18.02.2025 12:39;1143;7;219;45;419
18.02.2025 12:40;1143;7;217;55;423
18.02.2025 12:41;1143;7;217;45;423
18.02.2025 12:42;1143;7;217;45;423
18.02.2025 12:43;1143;7;217;56;423
18.02.2025 12:44;1143;9;218;51;421
18.02.2025 12:45;1143;9;227;50;418
18.02.2025 12:46;1143;7;225;54;419
18.02.2025 12:47;1142;9;227;50;418
18.02.2025 12:48;1142;9;227;50;418
18.02.2025 12:49;1142;9;224;56;418
18.02.2025 12:50;1141;9;223;85;418
18.02.2025 12:51;1141;9;224;86;418
18.02.2025 12:52;1141;7;225;86;419
18.02.2025 12:53;1141;7;223;82;419
18.02.2025 12:54;1141;5;196;67;414
18.02.2025 12:55;1141;9;227;85;418
18.02.2025 12:56;1141;7;223;82;419
18.02.2025 12:57;1141;9;224;86;418
18.02.2025 12:58;1141;7;222;82;418
18.02.2025 12:59;1141;7;225;85;419
18.02.2025 13:00;1141;9;223;85;418
18.02.2025 13:01;1141;8;223;85;418
18.02.2025 13:02;1141;7;224;85;417
18.02.2025 13:03;1141;9;227;84;418
18.02.2025 13:04;1141;9;227;84;418
18.02.2025 13:06;1141;9;222;85;418
18.02.2025 13:07;1141;7;224;85;418
18.02.2025 13:08;1140;9;227;84;418
18.02.2025 13:09;1140;9;227;84;417
18.02.2025 13:10;1140;7;222;81;418
18.02.2025 13:11;1140;7;222;81;418
18.02.2025 13:12;1138;9;223;85;418
18.02.2025 13:13;1138;9;226;83;417
18.02.2025 13:14;1138;9;223;83;418
18.02.2025 13:15;1138;9;223;83;418
18.02.2025 13:16;1138;9;227;82;417
18.02.2025 13:17;1132;7;221;79;417
18.02.2025 13:18;1130;9;222;82;417
18.02.2025 13:19;1125;8;219;80;415
18.02.2025 13:20;1125;8;220;79;416
18.02.2025 13:21;1124;8;220;80;416
18.02.2025 13:22;1122;8;223;79;415
18.02.2025 13:23;1119;7;219;79;414
18.02.2025 13:24;1114;7;221;78;414
18.02.2025 13:25;1110;59;194;54;409
18.02.2025 13:26;1110;7;214;78;413
18.02.2025 13:27;1108;7;216;79;414
18.02.2025 13:28;1108;7;219;78;413
18.02.2025 13:29;1108;7;217;79;414
18.02.2025 13:30;1099;7;217;78;414
18.02.2025 13:31;1099;7;216;75;413
18.02.2025 13:32;1096;7;216;78;413
18.02.2025 13:33;1096;7;219;76;413
18.02.2025 13:34;1096;7;217;78;413
18.02.2025 13:35;1088;7;214;74;412
18.02.2025 13:36;1085;7;209;69;410
18.02.2025 13:37;1083;7;206;69;410
18.02.2025 13:38;1082;7;206;69;410
18.02.2025 13:39;1071;7;208;68;409
18.02.2025 13:40;1037;7;204;67;409
18.02.2025 13:41;1031;7;205;72;409
18.02.2025 13:42;1033;6;174;101;404
18.02.2025 13:43;1021;7;204;71;409
18.02.2025 13:44;1020;8;204;65;409
18.02.2025 13:45;1019;8;196;68;407
18.02.2025 13:46;1018;7;203;70;409
18.02.2025 13:47;1018;8;203;69;409
18.02.2025 13:48;1017;7;202;70;409
18.02.2025 13:49;1018;7;203;70;409
18.02.2025 13:50;1018;7;202;65;409
18.02.2025 13:51;1018;7;204;65;409
18.02.2025 13:52;1017;7;202;65;409
18.02.2025 13:53;1016;7;202;70;409
18.02.2025 13:54;1016;7;202;70;409
18.02.2025 13:55;1017;7;203;69;408
18.02.2025 13:56;1017;7;202;65;409
18.02.2025 13:57;1016;7;203;65;408
18.02.2025 13:58;1017;7;203;65;408
18.02.2025 13:59;1006;7;202;65;409
18.02.2025 14:00;1006;7;202;65;409
18.02.2025 14:01;1011;7;202;65;408
18.02.2025 14:02;1010;7;202;65;408
18.02.2025 14:03;1012;7;201;70;408
18.02.2025 14:04;1005;7;201;69;407
18.02.2025 14:05;1011;7;202;65;408
18.02.2025 14:06;1009;7;200;65;409
18.02.2025 14:07;1009;7;200;67;407
18.02.2025 14:08;1011;7;201;70;408
18.02.2025 14:09;1009;7;201;69;408
18.02.2025 14:10;1011;7;202;65;408
18.02.2025 14:11;1010;7;201;69;408
18.02.2025 14:12;1010;7;202;65;408
18.02.2025 14:13;1007;7;200;65;409
18.02.2025 14:14;1009;7;202;65;408
18.02.2025 14:15;1007;7;200;65;409
18.02.2025 14:16;1016;7;198;67;408
18.02.2025 14:17;1010;7;200;69;408
18.02.2025 14:18;1008;7;200;69;408
18.02.2025 14:19;1007;7;198;69;408
18.02.2025 14:20;1009;7;201;65;408
18.02.2025 14:21;1000;6;218;96;404
18.02.2025 14:22;1007;7;199;69;408
18.02.2025 14:23;999;6;193;61;408
18.02.2025 14:24;999;6;197;57;408
18.02.2025 14:25;999;6;193;61;408
18.02.2025 14:26;998;6;192;61;408
18.02.2025 14:27;993;6;193;57;408
18.02.2025 14:28;996;6;197;57;408
18.02.2025 14:29;991;6;191;57;408
18.02.2025 14:30;974;6;192;81;407
18.02.2025 14:31;977;6;196;85;408
18.02.2025 14:32;977;8;198;85;407
18.02.2025 14:33;975;8;193;85;407
18.02.2025 14:34;977;6;196;83;407
18.02.2025 14:35;975;8;189;84;406
18.02.2025 14:36;978;10;193;89;407
18.02.2025 14:37;978;8;193;84;407
18.02.2025 14:38;978;8;193;84;407
18.02.2025 14:40;978;8;193;84;407
18.02.2025 14:41;974;6;192;82;407
18.02.2025 14:42;975;6;190;82;407
18.02.2025 14:43;972;6;175;68;403
18.02.2025 14:44;971;8;191;83;405
18.02.2025 14:45;975;6;192;83;406
18.02.2025 14:46;976;8;193;84;406
18.02.2025 14:47;974;8;190;84;406
18.02.2025 14:48;961;40;212;52;408
18.02.2025 14:49;957;8;186;73;404
18.02.2025 14:50;956;6;192;79;406
18.02.2025 14:51;960;7;203;97;398
18.02.2025 14:52;955;6;192;79;406
18.02.2025 14:53;954;6;192;79;405
18.02.2025 14:54;956;8;193;81;405
18.02.2025 14:55;953;6;192;79;406
18.02.2025 14:56;953;8;192;81;404
18.02.2025 14:57;955;6;191;81;406
18.02.2025 14:58;952;6;179;74;404
18.02.2025 14:59;956;8;193;81;405
18.02.2025 15:00;956;8;189;81;405
18.02.2025 15:01;954;7;233;77;413
18.02.2025 15:02;947;6;170;67;401
18.02.2025 15:03;953;8;193;81;405
18.02.2025 15:04;950;5;189;78;405
18.02.2025 15:05;949;5;185;77;405
18.02.2025 15:06;946;5;150;101;398
18.02.2025 15:07;952;5;190;81;405
18.02.2025 15:08;950;5;191;79;404
18.02.2025 15:09;953;7;193;80;405
18.02.2025 15:10;950;5;191;78;404
18.02.2025 15:11;948;5;187;74;404
18.02.2025 15:12;954;7;194;80;405
18.02.2025 15:13;951;5;189;79;405
18.02.2025 15:14;949;5;190;77;405
18.02.2025 15:15;952;7;190;79;405
18.02.2025 15:16;949;5;190;76;405
18.02.2025 15:17;947;5;190;77;405
18.02.2025 15:18;948;7;185;78;404
18.02.2025 15:19;950;7;192;79;405
18.02.2025 15:20;950;7;186;78;404
18.02.2025 15:21;950;7;187;79;405
18.02.2025 15:22;948;7;188;74;404
18.02.2025 15:23;929;7;187;77;404
18.02.2025 15:24;914;7;187;79;405
18.02.2025 15:25;917;7;192;79;405
18.02.2025 15:26;915;5;190;77;406
18.02.2025 15:27;917;8;192;79;405
18.02.2025 15:28;915;5;189;77;405
18.02.2025 15:29;917;5;187;78;406
18.02.2025 15:30;915;5;187;76;405
18.02.2025 15:31;910;5;182;74;403
18.02.2025 15:32;915;5;187;76;405
18.02.2025 15:33;913;5;187;76;405
18.02.2025 15:34;913;7;236;72;403
18.02.2025 15:35;915;5;185;72;405
18.02.2025 15:36;904;5;185;72;404
18.02.2025 15:37;913;5;185;73;405
18.02.2025 15:38;905;7;181;74;403
18.02.2025 15:39;901;5;184;72;404
18.02.2025 15:40;898;5;180;73;402
18.02.2025 15:41;911;5;186;74;404
18.02.2025 15:42;903;7;187;74;402
18.02.2025 15:43;906;5;185;72;403
18.02.2025 15:44;909;5;185;72;404
18.02.2025 15:45;907;5;185;72;401
18.02.2025 15:46;909;7;184;74;401
18.02.2025 15:47;905;5;186;74;398
18.02.2025 15:48;902;7;180;69;398
18.02.2025 15:49;905;5;185;72;399
18.02.2025 15:50;902;5;186;74;399
18.02.2025 15:51;907;7;187;74;400
18.02.2025 15:52;906;5;186;74;399
18.02.2025 15:53;909;7;184;74;400
18.02.2025 15:54;904;7;185;74;399
18.02.2025 15:55;908;7;186;74;400
18.02.2025 15:56;910;10;190;77;401
18.02.2025 15:57;897;5;171;65;397
18.02.2025 15:58;908;7;184;74;400
18.02.2025 15:59;901;5;186;73;400
18.02.2025 16:00;899;5;187;72;399
18.02.2025 16:01;909;7;188;72;400
18.02.2025 16:02;905;7;188;70;399
18.02.2025 16:03;908;7;188;72;400
18.02.2025 16:04;909;7;188;72;400
18.02.2025 16:05;903;5;182;68;399
18.02.2025 16:06;905;5;187;72;399
18.02.2025 16:07;902;5;185;68;399
18.02.2025 16:08;907;7;188;72;400
18.02.2025 16:09;873;5;187;68;399
18.02.2025 16:10;872;7;188;72;399
18.02.2025 16:11;857;7;188;72;399
18.02.2025 16:12;854;5;184;67;398
18.02.2025 16:13;859;7;186;72;399
18.02.2025 16:14;856;5;187;71;398
18.02.2025 16:15;855;7;187;70;398
18.02.2025 16:16;852;6;178;61;396
18.02.2025 16:17;856;5;187;68;398
18.02.2025 16:18;856;7;186;72;398
18.02.2025 16:19;857;7;186;72;398
18.02.2025 16:20;855;5;186;72;398
18.02.2025 16:21;851;5;180;67;398
18.02.2025 16:22;842;4;179;66;397
18.02.2025 16:23;836;7;178;72;394
18.02.2025 16:24;835;7;178;72;393
18.02.2025 16:25;834;7;176;72;393
18.02.2025 16:26;896;7;180;72;392
18.02.2025 16:27;927;7;178;72;393
18.02.2025 16:28;928;7;177;66;393
18.02.2025 16:30;924;6;176;70;393
18.02.2025 16:31;924;7;171;67;389
18.02.2025 16:32;927;6;181;72;392
18.02.2025 16:33;928;7;174;72;391
18.02.2025 16:34;928;6;178;67;391
18.02.2025 16:35;925;6;180;72;391
18.02.2025 16:36;925;7;180;72;391
18.02.2025 16:37;927;7;180;72;391
18.02.2025 16:38;925;7;176;69;390
18.02.2025 16:39;926;7;178;71;391
18.02.2025 16:40;925;6;178;71;391
18.02.2025 16:41;927;7;179;71;391
18.02.2025 16:42;924;6;172;64;390
18.02.2025 16:43;924;37;164;120;387
18.02.2025 16:44;927;6;178;73;391
18.02.2025 16:45;925;7;176;71;390
18.02.2025 16:46;927;6;178;71;391
18.02.2025 16:47;923;6;169;62;387
18.02.2025 16:48;927;6;177;67;391
18.02.2025 16:49;925;7;178;71;391
18.02.2025 16:50;927;7;179;71;391
18.02.2025 16:51;926;7;178;71;391
18.02.2025 16:52;925;7;176;71;390
18.02.2025 16:53;927;7;179;71;391
18.02.2025 16:54;932;7;177;71;391
18.02.2025 16:55;922;7;174;69;388
18.02.2025 16:56;927;7;178;71;391
18.02.2025 16:57;926;6;176;67;391
18.02.2025 16:58;924;7;179;71;390
18.02.2025 16:59;927;7;179;71;391
18.02.2025 17:00;925;6;178;71;391
18.02.2025 17:01;926;7;179;71;391
18.02.2025 17:02;926;7;178;71;391
18.02.2025 17:03;924;7;179;71;389
18.02.2025 17:04;925;6;177;67;390
18.02.2025 17:05;927;7;179;73;390
18.02.2025 17:06;924;6;176;71;389
18.02.2025 17:07;924;7;176;69;389
18.02.2025 17:08;926;6;176;71;389
18.02.2025 17:09;926;7;178;73;389
18.02.2025 17:10;925;6;177;74;389
18.02.2025 17:11;923;6;175;74;388
18.02.2025 17:12;925;6;177;74;389
18.02.2025 17:13;924;7;177;79;389
18.02.2025 17:14;921;6;176;73;387
18.02.2025 17:15;922;7;178;73;389
18.02.2025 17:16;923;7;178;73;389
18.02.2025 17:17;922;7;176;78;389
18.02.2025 17:18;922;7;177;79;389
18.02.2025 17:19;920;6;175;74;388
18.02.2025 17:20;919;6;173;186;389
18.02.2025 17:21;921;7;177;81;388
18.02.2025 17:22;922;6;176;79;389
18.02.2025 17:23;922;6;177;81;389
18.02.2025 17:24;922;6;177;81;389
18.02.2025 17:25;920;6;176;76;389
18.02.2025 17:26;919;6;177;78;388
18.02.2025 17:27;922;6;176;75;389
18.02.2025 17:28;922;6;177;78;388
18.02.2025 17:29;922;6;175;76;388
18.02.2025 17:30;917;7;172;78;387
18.02.2025 17:31;921;7;177;78;388
18.02.2025 17:32;916;6;174;77;386
18.02.2025 17:33;920;7;175;79;388
18.02.2025 17:34;917;7;171;77;386
18.02.2025 17:35;921;6;174;76;388
18.02.2025 17:36;913;7;175;79;386
18.02.2025 17:37;914;7;164;69;382
18.02.2025 17:38;871;12;171;71;385
18.02.2025 17:39;866;11;163;66;383
18.02.2025 17:40;858;10;162;62;378
18.02.2025 17:41;855;11;161;65;377
18.02.2025 17:42;851;11;156;63;376
18.02.2025 17:43;849;9;157;61;377
18.02.2025 17:44;824;11;157;65;374
18.02.2025 17:45;824;9;157;64;375
18.02.2025 17:46;824;9;157;64;375
18.02.2025 17:47;791;11;156;63;372
18.02.2025 17:48;780;9;155;61;373
18.02.2025 17:49;768;11;156;62;372
18.02.2025 17:50;770;9;157;61;372
18.02.2025 17:51;774;11;152;59;371
18.02.2025 17:52;776;9;157;59;372
18.02.2025 17:53;774;11;156;60;371
18.02.2025 17:54;779;30;175;76;374
18.02.2025 17:55;760;6;121;72;362
18.02.2025 17:56;729;11;153;61;372
18.02.2025 17:57;733;11;155;62;372
18.02.2025 17:58;713;8;152;66;371
18.02.2025 17:59;715;8;151;65;370
18.02.2025 18:00;711;7;150;67;370
18.02.2025 18:01;705;7;149;67;369
18.02.2025 18:02;708;6;140;62;369
18.02.2025 18:03;712;7;150;67;371
18.02.2025 18:04;713;7;151;68;372
18.02.2025 18:05;713;7;151;68;372
18.02.2025 18:06;713;7;151;68;372
18.02.2025 18:07;713;8;151;67;371
18.02.2025 18:08;712;7;151;68;372
18.02.2025 18:09;712;8;148;68;372
18.02.2025 18:10;667;7;145;63;368
18.02.2025 18:11;676;7;146;63;371
18.02.2025 18:12;678;7;146;65;371
18.02.2025 18:14;667;7;131;57;363
18.02.2025 18:15;667;7;147;66;370
18.02.2025 18:16;670;7;147;66;371
18.02.2025 18:17;668;7;147;65;369
18.02.2025 18:18;680;7;146;65;371
18.02.2025 18:19;679;7;146;65;371
18.02.2025 18:20;676;7;145;65;371
18.02.2025 18:21;679;7;146;65;371
18.02.2025 18:22;671;7;146;65;371
18.02.2025 18:23;676;7;147;63;370
18.02.2025 18:24;668;7;142;63;369
18.02.2025 18:25;677;7;146;65;369
18.02.2025 18:26;677;7;147;64;369
18.02.2025 18:27;677;7;146;65;370
18.02.2025 18:28;677;7;147;64;369
18.02.2025 18:29;677;7;147;64;369
18.02.2025 18:30;677;7;147;65;371
18.02.2025 18:31;677;7;146;65;370
18.02.2025 18:32;672;7;145;65;369
18.02.2025 18:33;677;7;147;65;370
18.02.2025 18:34;677;7;146;65;370
18.02.2025 18:35;677;7;146;64;369
18.02.2025 18:36;674;7;146;65;369
18.02.2025 18:37;674;7;146;64;367
18.02.2025 18:38;661;7;146;64;366
18.02.2025 18:39;670;7;144;65;367
18.02.2025 18:40;669;7;146;64;367
18.02.2025 18:41;674;7;147;65;367
18.02.2025 18:42;674;7;147;65;367
18.02.2025 18:43;671;7;147;65;366
18.02.2025 18:44;670;7;147;65;367
18.02.2025 18:45;673;7;145;67;368
18.02.2025 18:46;663;7;144;65;366
18.02.2025 18:47;672;7;146;66;367
18.02.2025 18:48;665;7;146;65;367
18.02.2025 18:49;672;7;147;65;367
18.02.2025 18:50;662;7;147;65;366
18.02.2025 18:51;672;7;146;72;369
18.02.2025 18:52;672;7;145;72;368
18.02.2025 18:53;634;7;145;72;365
18.02.2025 18:54;634;7;145;72;367
18.02.2025 18:55;634;7;146;65;365
18.02.2025 18:56;634;7;146;65;365
18.02.2025 18:57;635;7;145;68;366
18.02.2025 18:58;635;7;145;68;367
18.02.2025 18:59;635;7;144;69;366
18.02.2025 19:00;626;7;144;68;365
18.02.2025 19:01;635;7;144;74;366
18.02.2025 19:02;634;7;145;70;365
18.02.2025 19:03;635;7;146;71;365
18.02.2025 19:04;633;7;145;70;365
18.02.2025 19:05;632;7;146;70;365
18.02.2025 19:06;626;7;145;72;365
18.02.2025 19:07;592;8;142;69;364
18.02.2025 19:08;463;8;142;68;361
18.02.2025 19:09;462;9;143;69;362
18.02.2025 19:10;462;9;142;69;361
18.02.2025 19:11;462;9;143;69;361
18.02.2025 19:12;462;9;143;69;362
18.02.2025 19:13;462;8;143;67;361
18.02.2025 19:14;462;8;143;67;361
18.02.2025 19:15;462;8;142;67;361
18.02.2025 19:16;462;8;143;69;362
18.02.2025 19:17;462;9;143;69;362
18.02.2025 19:18;462;8;143;69;362
18.02.2025 19:19;462;8;143;69;362
18.02.2025 19:20;462;9;143;69;362
18.02.2025 19:21;462;8;143;67;360
18.02.2025 19:22;462;8;143;69;362
18.02.2025 19:23;462;8;142;69;360
18.02.2025 19:24;462;8;143;67;361
18.02.2025 19:25;462;9;142;66;361
18.02.2025 19:26;462;8;128;61;356
18.02.2025 19:27;461;9;141;66;359
18.02.2025 19:28;461;8;168;61;357
18.02.2025 19:29;461;9;141;66;360
18.02.2025 19:30;461;9;141;66;360
18.02.2025 19:31;461;9;140;66;360
18.02.2025 19:32;461;9;137;66;359
18.02.2025 19:33;461;9;141;66;360
18.02.2025 19:34;461;9;141;64;359
18.02.2025 19:35;461;9;141;64;358
18.02.2025 19:36;461;9;141;66;358
18.02.2025 19:37;461;4;155;83;361
18.02.2025 19:38;461;9;140;66;356
18.02.2025 19:39;462;9;141;66;358
18.02.2025 19:40;462;9;140;66;358
18.02.2025 19:41;462;9;141;64;357
18.02.2025 19:42;461;9;139;63;356
18.02.2025 19:43;462;9;141;66;358
18.02.2025 19:44;462;9;141;66;358
18.02.2025 19:45;462;9;140;66;357
18.02.2025 19:46;462;9;135;65;357
18.02.2025 19:47;462;9;140;66;357
18.02.2025 19:48;462;9;141;66;358
18.02.2025 19:49;462;9;140;66;357
18.02.2025 19:50;462;9;140;64;356
18.02.2025 19:51;462;9;140;64;356
18.02.2025 19:52;462;9;140;64;355
18.02.2025 19:53;462;9;140;66;357
18.02.2025 19:54;462;9;140;64;356
18.02.2025 19:55;462;9;139;64;355
18.02.2025 19:56;462;9;140;66;356
18.02.2025 19:57;462;9;139;64;355
18.02.2025 19:58;462;8;135;60;354
18.02.2025 19:59;462;9;138;81;356
18.02.2025 20:00;462;9;138;79;355
18.02.2025 20:01;462;9;138;78;355
18.02.2025 20:02;461;9;137;79;355
18.02.2025 20:04;462;9;136;72;354
18.02.2025 20:05;462;9;136;73;353
18.02.2025 20:06;462;9;136;73;355
18.02.2025 20:07;462;9;136;74;355
18.02.2025 20:08;461;9;136;75;355
18.02.2025 20:09;461;9;128;71;354
18.02.2025 20:10;461;9;136;73;354
18.02.2025 20:11;461;9;136;73;354
18.02.2025 20:12;461;9;136;73;354
18.02.2025 20:13;461;9;136;75;355
18.02.2025 20:14;461;9;136;72;354
18.02.2025 20:15;461;9;136;74;355
18.02.2025 20:16;461;9;128;71;354
18.02.2025 20:17;461;9;136;74;355
18.02.2025 20:18;461;9;136;74;355
18.02.2025 20:19;461;9;136;75;355
18.02.2025 20:20;461;9;136;75;355
18.02.2025 20:21;461;9;136;72;353
18.02.2025 20:22;461;9;136;71;354
18.02.2025 20:23;461;7;136;71;354
18.02.2025 20:24;461;7;135;74;355
18.02.2025 20:25;461;8;136;74;355
18.02.2025 20:26;461;8;136;71;354
18.02.2025 20:27;461;7;136;74;355
18.02.2025 20:28;461;7;135;71;354
18.02.2025 20:29;461;7;136;74;355
18.02.2025 20:30;461;8;135;74;353
18.02.2025 20:31;461;7;136;71;354
18.02.2025 20:32;461;8;136;74;355
18.02.2025 20:33;461;7;136;74;355
18.02.2025 20:34;461;7;136;74;355
18.02.2025 20:35;461;7;136;71;354
18.02.2025 20:36;461;8;136;71;354
18.02.2025 20:37;461;7;136;71;353
18.02.2025 20:38;461;7;136;71;353
18.02.2025 20:39;461;6;134;70;352
18.02.2025 20:40;461;7;134;67;351
18.02.2025 20:41;461;7;135;69;352
18.02.2025 20:42;461;7;135;69;352
18.02.2025 20:43;461;7;134;69;352
18.02.2025 20:44;461;6;134;70;353
18.02.2025 20:45;461;6;129;67;352
18.02.2025 20:46;461;7;135;69;352
18.02.2025 20:47;461;7;135;70;353
18.02.2025 20:48;461;7;135;70;353
18.02.2025 20:49;461;7;135;69;352
18.02.2025 20:50;461;7;135;70;352
18.02.2025 20:51;461;7;135;69;352
18.02.2025 20:52;460;6;133;69;352
18.02.2025 20:53;460;6;134;70;353
18.02.2025 20:54;460;7;135;69;352
18.02.2025 20:55;460;6;134;70;352
18.02.2025 20:56;460;7;135;69;352
18.02.2025 20:57;460;6;134;69;352
18.02.2025 20:58;460;7;135;69;352
18.02.2025 20:59;460;7;134;70;353
18.02.2025 21:00;460;7;135;70;353
18.02.2025 21:01;460;7;132;85;353
18.02.2025 21:02;460;7;132;86;352
18.02.2025 21:03;460;7;132;86;352
18.02.2025 21:04;460;7;132;87;353
18.02.2025 21:05;460;5;131;86;352
18.02.2025 21:06;460;5;131;86;352
18.02.2025 21:07;460;7;132;86;351
18.02.2025 21:08;460;7;132;86;352
18.02.2025 21:09;460;5;131;86;351
18.02.2025 21:10;460;5;131;86;352
18.02.2025 21:11;460;5;131;86;352
18.02.2025 21:12;460;5;131;86;352
18.02.2025 21:13;460;7;132;87;352
18.02.2025 21:14;460;7;131;86;352
18.02.2025 21:15;460;7;132;87;352
18.02.2025 21:16;460;5;131;86;352
18.02.2025 21:17;460;5;131;86;352
18.02.2025 21:18;460;7;132;86;352
18.02.2025 21:19;460;5;130;84;351
18.02.2025 21:20;460;5;131;86;351
18.02.2025 21:21;460;8;132;86;350
18.02.2025 21:22;460;7;129;85;349
18.02.2025 21:23;460;8;132;84;351
18.02.2025 21:24;460;6;131;84;351
18.02.2025 21:25;460;8;132;84;351
18.02.2025 21:26;460;6;131;84;351
18.02.2025 21:27;460;6;130;84;350
18.02.2025 21:28;460;8;132;86;350
18.02.2025 21:29;460;8;132;86;350
18.02.2025 21:30;460;8;132;84;350
18.02.2025 21:31;460;7;131;86;349
18.02.2025 21:32;460;8;132;86;350
18.02.2025 21:33;460;7;130;85;350
18.02.2025 21:34;460;8;131;83;350
18.02.2025 21:35;460;6;130;83;350
18.02.2025 21:36;460;8;129;85;349
18.02.2025 21:37;460;7;130;85;349
18.02.2025 21:38;460;14;129;85;349
18.02.2025 21:39;460;12;129;83;349
18.02.2025 21:40;460;12;129;83;350
18.02.2025 21:41;460;15;131;83;350
18.02.2025 21:42;460;15;131;83;350
18.02.2025 21:43;460;12;130;83;350
18.02.2025 21:44;460;15;131;83;350
18.02.2025 21:45;460;12;134;78;355
18.02.2025 21:46;460;10;133;79;354
18.02.2025 21:47;460;10;133;79;354
18.02.2025 21:48;460;10;132;79;354
18.02.2025 21:50;460;10;132;79;354
18.02.2025 21:51;460;10;132;77;353
18.02.2025 21:52;460;10;133;79;355
18.02.2025 21:53;459;10;132;79;354
18.02.2025 21:54;457;12;133;78;354
18.02.2025 21:55;457;12;133;78;351
18.02.2025 21:56;456;12;146;74;350
18.02.2025 21:57;455;12;146;74;350
18.02.2025 21:58;455;17;106;84;339
18.02.2025 21:59;455;12;146;73;349
18.02.2025 22:00;455;12;146;75;350
18.02.2025 22:01;455;10;146;72;350
18.02.2025 22:02;455;12;146;75;350
18.02.2025 22:03;455;12;146;75;349
18.02.2025 22:04;455;10;146;73;348
18.02.2025 22:05;455;10;146;73;348
18.02.2025 22:06;455;12;146;73;347
18.02.2025 22:07;455;12;146;75;347
18.02.2025 22:08;455;10;146;72;347
18.02.2025 22:09;455;12;145;75;347
18.02.2025 22:10;455;12;146;73;347
18.02.2025 22:11;455;12;146;77;347
18.02.2025 22:12;455;12;146;77;346
18.02.2025 22:13;455;9;143;77;348
18.02.2025 22:14;455;12;146;77;347
18.02.2025 22:15;455;12;145;77;347
18.02.2025 22:16;455;10;145;76;347
18.02.2025 22:17;455;12;144;77;347
18.02.2025 22:18;455;12;145;77;347
18.02.2025 22:19;455;10;145;78;348
18.02.2025 22:20;455;12;144;76;347
18.02.2025 22:21;454;10;145;77;347
18.02.2025 22:22;454;10;145;77;347
18.02.2025 22:23;454;5;156;52;351
18.02.2025 22:24;454;10;144;75;347
18.02.2025 22:25;454;10;145;77;347
18.02.2025 22:26;454;12;144;77;347
18.02.2025 22:27;454;12;144;77;347
18.02.2025 22:28;454;12;144;77;347
18.02.2025 22:29;454;10;145;77;347
18.02.2025 22:30;454;10;145;77;347
18.02.2025 22:31;454;10;144;75;347
18.02.2025 22:32;454;10;145;77;347
18.02.2025 22:33;454;10;145;77;347
18.02.2025 22:34;454;9;145;75;346
18.02.2025 22:35;454;10;144;79;347
18.02.2025 22:36;454;10;145;79;347
18.02.2025 22:37;454;11;145;81;347
18.02.2025 22:38;454;11;145;77;346
18.02.2025 22:39;454;11;145;76;345
18.02.2025 22:40;454;9;145;75;346
18.02.2025 22:41;454;9;144;75;346
18.02.2025 22:42;454;11;146;81;347
18.02.2025 22:43;454;9;145;75;346
18.02.2025 22:44;454;11;146;81;347
18.02.2025 22:45;454;11;146;77;346
18.02.2025 22:46;454;10;141;79;345
18.02.2025 22:47;454;10;146;78;347
18.02.2025 22:48;454;11;147;77;346
18.02.2025 22:49;454;10;147;78;346
18.02.2025 22:50;454;11;146;79;346
18.02.2025 22:51;454;10;147;78;346
18.02.2025 22:52;454;11;147;77;346
18.02.2025 22:53;454;10;147;78;346
18.02.2025 22:54;454;9;145;75;346
18.02.2025 22:55;454;10;147;78;346
18.02.2025 22:56;454;9;145;75;346
18.02.2025 22:57;454;10;146;77;346
18.02.2025 22:58;454;11;146;77;346
18.02.2025 22:59;454;9;144;74;344
18.02.2025 23:00;454;9;144;75;344
18.02.2025 23:01;454;11;147;77;346
18.02.2025 23:02;454;10;147;77;346
18.02.2025 23:03;454;9;145;75;345
18.02.2025 23:04;454;9;144;75;346
18.02.2025 23:05;454;9;144;75;346
18.02.2025 23:06;454;10;144;78;346
18.02.2025 23:07;454;11;144;77;346
18.02.2025 23:08;453;11;145;77;346
18.02.2025 23:09;453;10;144;78;346
18.02.2025 23:10;453;9;144;75;346
18.02.2025 23:11;453;11;145;77;346
18.02.2025 23:12;453;11;144;77;346
18.02.2025 23:13;453;11;143;77;346
18.02.2025 23:14;453;9;141;74;345
18.02.2025 23:15;453;11;144;77;346
18.02.2025 23:16;453;9;144;75;346
18.02.2025 23:17;453;11;144;77;346
18.02.2025 23:18;453;11;144;77;346
18.02.2025 23:19;453;10;144;78;346
18.02.2025 23:20;454;34;139;74;344
18.02.2025 23:21;453;11;145;76;346
18.02.2025 23:22;452;9;144;75;346
18.02.2025 23:23;459;11;144;76;346
18.02.2025 23:24;934;11;144;76;346
18.02.2025 23:25;934;11;145;76;346
18.02.2025 23:26;934;11;143;76;345
18.02.2025 23:27;933;8;141;75;345
18.02.2025 23:28;932;8;140;74;344
18.02.2025 23:29;933;8;140;74;344
18.02.2025 23:30;935;20;160;100;349
18.02.2025 23:31;933;8;142;75;344
18.02.2025 23:32;933;8;142;75;342
18.02.2025 23:33;932;8;140;75;342
18.02.2025 23:34;933;8;140;74;343
18.02.2025 23:35;933;8;140;75;342
18.02.2025 23:37;933;8;140;75;342
18.02.2025 23:38;933;8;141;75;343
18.02.2025 23:39;933;8;140;75;342
18.02.2025 23:40;933;8;141;75;343
18.02.2025 23:41;932;8;140;75;342
18.02.2025 23:42;932;8;140;75;343
18.02.2025 23:43;931;8;140;75;342
18.02.2025 23:44;931;8;141;75;342
18.02.2025 23:45;932;8;140;75;342
18.02.2025 23:46;932;8;140;74;341
18.02.2025 23:47;932;8;140;74;343
18.02.2025 23:48;932;8;140;75;342
18.02.2025 23:49;931;8;141;75;342
18.02.2025 23:50;931;8;140;75;343
18.02.2025 23:51;930;8;140;75;342
18.02.2025 23:52;930;8;139;74;342
18.02.2025 23:53;930;8;140;74;342
18.02.2025 23:54;931;8;138;73;342
18.02.2025 23:55;931;8;137;73;342
18.02.2025 23:56;931;8;136;73;343
18.02.2025 23:57;930;8;135;73;342
18.02.2025 23:58;931;8;138;73;342
18.02.2025 23:59;931;8;138;73;342
19.02.2025 0:00;934;8;137;71;343
19.02.2025 0:01;932;8;136;73;343
19.02.2025 0:02;932;8;137;71;343
19.02.2025 0:03;932;8;137;71;343
19.02.2025 0:04;932;8;137;71;343
19.02.2025 0:05;932;8;134;72;341
19.02.2025 0:06;931;8;134;72;341
19.02.2025 0:07;932;8;135;72;340
19.02.2025 0:08;932;8;135;72;340
19.02.2025 0:09;932;8;134;72;340
19.02.2025 0:10;932;8;135;72;339
19.02.2025 0:11;932;8;135;72;338
19.02.2025 0:12;932;8;133;71;337
19.02.2025 0:13;931;8;134;72;338
19.02.2025 0:14;931;8;134;71;338
19.02.2025 0:15;931;8;135;72;338
19.02.2025 0:16;931;8;134;72;338
19.02.2025 0:17;931;8;134;72;338
19.02.2025 0:18;931;21;147;88;328
19.02.2025 0:19;931;8;134;71;338
19.02.2025 0:20;928;7;131;73;338
19.02.2025 0:21;924;6;131;72;338
19.02.2025 0:22;924;7;131;73;338
19.02.2025 0:23;923;7;129;73;338
19.02.2025 0:24;924;7;130;72;337
19.02.2025 0:25;924;7;131;73;337
19.02.2025 0:26;924;7;131;72;337
19.02.2025 0:27;917;6;131;73;337
19.02.2025 0:28;917;6;131;71;336
19.02.2025 0:29;917;7;131;73;337
19.02.2025 0:30;917;7;129;73;337
19.02.2025 0:31;912;6;131;72;337
19.02.2025 0:32;905;7;126;75;337
19.02.2025 0:33;908;7;128;73;337
19.02.2025 0:34;908;7;127;75;337
19.02.2025 0:35;905;7;128;73;337
19.02.2025 0:36;908;6;128;74;337
19.02.2025 0:37;907;7;128;73;337
19.02.2025 0:38;905;6;124;73;335
19.02.2025 0:39;905;7;126;72;334
19.02.2025 0:40;901;6;127;70;334
19.02.2025 0:41;894;7;125;72;334
19.02.2025 0:42;893;7;126;71;334
19.02.2025 0:43;888;7;125;71;334
19.02.2025 0:44;887;6;127;69;334
19.02.2025 0:45;888;6;127;69;334
19.02.2025 0:46;888;7;125;71;334
19.02.2025 0:47;888;7;125;71;334
19.02.2025 0:48;888;7;125;71;334
19.02.2025 0:49;887;6;126;69;333
19.02.2025 0:50;887;7;125;70;333
19.02.2025 0:51;888;7;126;70;333
19.02.2025 0:52;888;7;126;70;333
19.02.2025 0:53;888;6;127;68;333
19.02.2025 0:54;887;6;127;70;332
19.02.2025 0:55;888;7;126;70;331
19.02.2025 0:56;888;7;125;70;329
19.02.2025 0:57;888;6;126;69;332
19.02.2025 0:58;888;6;127;69;332
19.02.2025 0:59;886;6;123;70;332
19.02.2025 1:00;888;7;126;70;332
19.02.2025 1:01;888;7;126;70;332
19.02.2025 1:02;888;7;125;70;332
19.02.2025 1:03;888;7;123;70;332
19.02.2025 1:04;888;7;125;69;331
19.02.2025 1:05;888;7;125;70;331
19.02.2025 1:06;887;11;127;75;319
19.02.2025 1:07;887;6;124;68;330
19.02.2025 1:08;887;6;123;69;330
19.02.2025 1:09;887;6;121;68;329
19.02.2025 1:10;887;6;123;65;330
19.02.2025 1:11;887;7;123;66;330
19.02.2025 1:12;887;6;122;67;330
19.02.2025 1:13;887;7;123;66;330
19.02.2025 1:14;887;6;123;67;330
19.02.2025 1:15;888;6;122;66;328
19.02.2025 1:16;887;7;123;66;328
19.02.2025 1:17;887;7;123;66;329
19.02.2025 1:18;887;6;122;68;329
19.02.2025 1:20;886;6;121;67;328
19.02.2025 1:21;887;5;130;65;328
19.02.2025 1:22;878;5;128;65;328
19.02.2025 1:23;879;5;129;65;328
19.02.2025 1:24;879;5;129;65;328
19.02.2025 1:25;877;5;130;64;328
19.02.2025 1:26;880;5;128;65;328
19.02.2025 1:27;874;5;129;64;328
19.02.2025 1:28;873;5;124;65;328
19.02.2025 1:29;873;5;124;65;326
19.02.2025 1:30;873;5;127;65;328
19.02.2025 1:31;873;5;125;65;327
19.02.2025 1:32;873;5;124;65;327
19.02.2025 1:33;872;5;123;64;327
19.02.2025 1:34;872;5;123;64;327
19.02.2025 1:35;872;5;123;61;327
19.02.2025 1:36;872;5;123;64;327
19.02.2025 1:37;872;5;123;64;327
19.02.2025 1:38;872;5;123;64;327
19.02.2025 1:39;872;5;123;64;327
19.02.2025 1:40;872;5;122;62;327
19.02.2025 1:41;872;5;122;64;326
19.02.2025 1:42;872;5;122;64;327
19.02.2025 1:43;872;5;123;61;327
19.02.2025 1:44;872;5;125;63;327
19.02.2025 1:45;872;5;123;61;327
19.02.2025 1:46;872;5;123;64;327
19.02.2025 1:47;869;5;122;64;327
19.02.2025 1:48;869;5;125;63;327
19.02.2025 1:49;869;5;122;64;327
19.02.2025 1:50;869;5;122;64;327
19.02.2025 1:51;869;5;125;62;327
19.02.2025 1:52;869;5;125;62;327
19.02.2025 1:53;869;5;125;62;327
19.02.2025 1:54;867;5;123;59;325
19.02.2025 1:55;869;5;123;60;327
19.02.2025 1:56;869;5;123;63;327
19.02.2025 1:57;868;5;122;59;325
19.02.2025 1:58;869;5;122;63;327
19.02.2025 1:59;869;5;123;63;327
19.02.2025 2:00;869;5;123;60;327
19.02.2025 2:01;870;5;122;63;327
19.02.2025 2:02;870;5;123;60;327
19.02.2025 2:03;869;5;125;62;327
19.02.2025 2:04;870;5;122;63;327
19.02.2025 2:05;869;5;120;63;327
19.02.2025 2:06;870;5;123;60;327
19.02.2025 2:07;869;5;123;63;327
19.02.2025 2:08;868;5;124;61;327
19.02.2025 2:09;868;5;123;61;327
19.02.2025 2:10;868;5;123;59;327
19.02.2025 2:11;867;5;125;60;327
19.02.2025 2:12;867;5;125;60;327
19.02.2025 2:13;868;5;123;61;326
19.02.2025 2:14;868;5;122;61;326
19.02.2025 2:15;866;5;123;61;326
19.02.2025 2:16;865;5;124;60;325
19.02.2025 2:17;855;5;124;60;326
19.02.2025 2:18;857;5;124;60;326
19.02.2025 2:19;854;5;124;60;325
19.02.2025 2:20;857;5;123;61;326
19.02.2025 2:21;855;5;124;60;326
19.02.2025 2:22;855;5;121;59;326
19.02.2025 2:23;855;5;121;58;325
19.02.2025 2:24;855;5;121;58;326
19.02.2025 2:25;855;5;121;58;326
19.02.2025 2:26;857;11;136;77;330
19.02.2025 2:27;855;5;121;58;326
19.02.2025 2:28;854;5;121;58;324
19.02.2025 2:29;855;5;121;58;324
19.02.2025 2:30;855;5;121;58;325
19.02.2025 2:31;855;5;123;59;324
19.02.2025 2:32;855;5;121;58;325
19.02.2025 2:33;847;5;121;58;323
19.02.2025 2:34;851;5;122;59;323
19.02.2025 2:35;844;5;121;58;323
19.02.2025 2:36;844;6;122;59;323
19.02.2025 2:37;845;14;116;54;321
19.02.2025 2:38;844;21;116;50;321
19.02.2025 2:39;845;19;115;49;322
19.02.2025 2:40;844;19;114;50;322
19.02.2025 2:41;845;20;116;50;322
19.02.2025 2:42;845;19;114;50;322
19.02.2025 2:43;845;20;116;50;322
19.02.2025 2:44;845;20;116;50;322
19.02.2025 2:45;849;19;114;50;322
19.02.2025 2:46;845;20;116;50;322
19.02.2025 2:47;845;19;114;50;322
19.02.2025 2:48;844;20;116;50;322
19.02.2025 2:49;844;19;114;50;322
19.02.2025 2:50;843;19;114;50;322
19.02.2025 2:51;843;19;114;50;322
19.02.2025 2:52;843;19;113;49;322
19.02.2025 2:53;844;19;114;49;322
19.02.2025 2:54;835;18;115;48;322
19.02.2025 2:55;834;19;114;49;321
19.02.2025 2:56;835;19;114;49;322
19.02.2025 2:57;828;20;115;49;322
19.02.2025 2:58;827;18;113;49;322
19.02.2025 2:59;825;19;112;48;322
19.02.2025 3:00;827;18;114;48;322
19.02.2025 3:01;827;20;111;47;321
19.02.2025 3:02;827;18;111;47;321
19.02.2025 3:03;824;19;109;47;319
19.02.2025 3:04;798;19;107;47;320
19.02.2025 3:05;798;18;111;47;319
19.02.2025 3:06;798;19;107;47;320
19.02.2025 3:07;786;20;110;47;319
19.02.2025 3:08;776;19;107;47;319
19.02.2025 3:10;778;20;110;47;319
19.02.2025 3:11;777;19;107;47;319
19.02.2025 3:12;773;18;101;46;315
19.02.2025 3:13;776;18;111;47;319
19.02.2025 3:14;778;19;107;47;319
19.02.2025 3:15;778;18;111;47;319
19.02.2025 3:16;778;20;110;47;319
19.02.2025 3:17;778;19;107;47;319
19.02.2025 3:18;778;19;108;47;319
19.02.2025 3:19;763;22;108;47;319
19.02.2025 3:20;757;21;106;47;318
19.02.2025 3:21;763;22;111;47;319
19.02.2025 3:22;761;21;107;47;319
19.02.2025 3:23;761;21;112;47;319
19.02.2025 3:24;763;22;111;47;317
19.02.2025 3:25;756;21;107;47;316
19.02.2025 3:26;756;21;107;47;316
19.02.2025 3:27;735;22;111;47;315
19.02.2025 3:28;738;22;108;47;315
19.02.2025 3:29;737;21;107;47;315
19.02.2025 3:30;727;21;107;47;315
19.02.2025 3:31;724;22;110;47;315
19.02.2025 3:32;728;21;111;47;315
19.02.2025 3:33;728;22;108;47;315
19.02.2025 3:34;727;21;107;47;314
19.02.2025 3:35;727;22;110;47;314
19.02.2025 3:36;727;21;107;47;314
19.02.2025 3:37;720;22;110;47;313
19.02.2025 3:38;702;22;108;47;314
19.02.2025 3:39;702;22;108;47;314
19.02.2025 3:40;702;22;108;47;314
19.02.2025 3:41;706;21;107;46;314
19.02.2025 3:42;688;21;111;47;314
19.02.2025 3:43;688;22;108;47;314
19.02.2025 3:44;679;20;100;44;312
19.02.2025 3:45;687;22;110;47;314
19.02.2025 3:46;688;22;110;47;313
19.02.2025 3:47;688;21;111;47;314
19.02.2025 3:48;649;22;108;47;314
19.02.2025 3:49;655;21;107;47;314
19.02.2025 3:50;608;21;110;48;314
19.02.2025 3:51;610;20;111;48;314
19.02.2025 3:52;569;21;109;48;314
19.02.2025 3:53;569;20;111;48;314
19.02.2025 3:54;568;20;110;47;314
19.02.2025 3:55;542;21;109;48;314
19.02.2025 3:56;542;21;109;48;314
19.02.2025 3:57;542;20;111;48;313
19.02.2025 3:58;505;21;108;47;314
19.02.2025 3:59;505;21;107;47;311
19.02.2025 4:00;506;20;111;93;314
19.02.2025 4:01;503;21;108;47;314
19.02.2025 4:02;506;20;111;48;314
19.02.2025 4:03;472;20;109;48;314
19.02.2025 4:04;472;20;111;48;314
19.02.2025 4:05;472;21;108;47;313
19.02.2025 4:06;472;21;110;48;314
19.02.2025 4:07;472;21;108;47;314
19.02.2025 4:08;472;20;111;48;314
19.02.2025 4:09;472;21;110;48;314
19.02.2025 4:10;472;21;110;48;314
19.02.2025 4:11;472;21;110;48;314
19.02.2025 4:12;473;21;110;48;314
19.02.2025 4:13;472;21;108;47;314
19.02.2025 4:14;473;21;109;48;314
19.02.2025 4:15;473;21;110;48;314
19.02.2025 4:16;473;21;109;48;312
19.02.2025 4:17;457;21;108;47;314
19.02.2025 4:18;457;20;111;48;314
19.02.2025 4:19;457;21;110;48;314
19.02.2025 4:20;457;20;111;48;314
19.02.2025 4:21;457;21;108;47;314
19.02.2025 4:22;457;20;111;48;314
19.02.2025 4:23;457;21;110;48;314
19.02.2025 4:24;457;21;108;47;314
19.02.2025 4:25;457;21;108;47;314
19.02.2025 4:26;457;19;109;48;314
19.02.2025 4:27;457;19;111;48;314
19.02.2025 4:28;457;19;108;48;314
19.02.2025 4:29;457;19;111;48;314
19.02.2025 4:30;457;20;110;48;314
19.02.2025 4:31;457;19;108;48;314
19.02.2025 4:32;457;19;108;48;314
19.02.2025 4:33;457;19;109;48;314
19.02.2025 4:34;457;19;111;48;314
19.02.2025 4:35;457;19;108;48;314
19.02.2025 4:36;457;19;111;48;314
19.02.2025 4:37;457;19;109;48;313
19.02.2025 4:38;457;19;109;48;314
19.02.2025 4:39;457;19;109;48;313
19.02.2025 4:40;457;19;108;48;314
19.02.2025 4:41;457;20;110;48;314
19.02.2025 4:42;457;15;134;73;308
19.02.2025 4:43;457;19;108;48;314
19.02.2025 4:44;457;19;111;48;314
19.02.2025 4:45;457;19;109;48;314
19.02.2025 4:46;457;19;109;48;314
19.02.2025 4:47;457;20;110;48;313
19.02.2025 4:48;457;34;93;43;307
19.02.2025 4:49;457;19;108;62;314
19.02.2025 4:50;457;20;110;63;313
19.02.2025 4:51;457;19;108;62;314
19.02.2025 4:52;457;19;108;63;314
19.02.2025 4:53;457;19;108;62;314
19.02.2025 4:54;457;19;108;78;311
19.02.2025 4:55;457;18;108;80;312
19.02.2025 4:56;457;18;108;78;313
19.02.2025 4:58;457;18;108;79;313
19.02.2025 4:59;457;18;108;78;313
19.02.2025 5:00;457;19;108;78;310
19.02.2025 5:01;457;19;107;76;309
19.02.2025 5:02;457;18;107;76;311
19.02.2025 5:03;457;18;107;76;310
19.02.2025 5:04;457;18;107;76;311
19.02.2025 5:05;457;18;107;76;311
19.02.2025 5:06;457;18;108;77;310
19.02.2025 5:07;457;18;107;76;311
19.02.2025 5:08;457;19;108;76;310
19.02.2025 5:09;457;18;107;76;311
19.02.2025 5:10;457;18;108;77;310
19.02.2025 5:11;457;18;107;76;311
19.02.2025 5:12;457;18;108;77;310
19.02.2025 5:13;457;19;108;76;310
19.02.2025 5:14;457;18;107;76;311
19.02.2025 5:15;457;19;108;76;310
19.02.2025 5:16;457;19;108;76;310
19.02.2025 5:17;457;18;107;76;311
19.02.2025 5:18;457;18;107;76;311
19.02.2025 5:19;457;19;108;76;310
19.02.2025 5:20;457;18;107;76;311
19.02.2025 5:21;457;19;108;76;310
19.02.2025 5:22;457;16;102;74;310
19.02.2025 5:23;457;18;108;77;310
19.02.2025 5:24;457;18;108;77;310
19.02.2025 5:25;457;16;105;76;310
19.02.2025 5:26;457;18;106;76;310
19.02.2025 5:27;457;19;105;76;309
19.02.2025 5:28;457;19;105;76;309
19.02.2025 5:29;457;19;105;76;309
19.02.2025 5:30;457;18;105;76;310
19.02.2025 5:31;457;18;104;75;310
19.02.2025 5:32;457;19;105;76;309
19.02.2025 5:33;457;18;104;74;310
19.02.2025 5:34;457;19;104;73;309
19.02.2025 5:35;457;19;104;73;309
19.02.2025 5:36;457;18;104;75;309
19.02.2025 5:37;457;18;104;74;310
19.02.2025 5:38;457;18;104;74;310
19.02.2025 5:39;457;17;100;68;309
19.02.2025 5:40;457;18;104;74;310
19.02.2025 5:41;457;18;103;73;308
19.02.2025 5:42;457;17;104;72;310
19.02.2025 5:43;457;17;104;73;309
19.02.2025 5:44;457;16;103;74;310
19.02.2025 5:45;457;16;104;72;310
19.02.2025 5:46;457;16;104;75;309
19.02.2025 5:47;457;16;104;74;310
19.02.2025 5:48;457;16;104;74;310
19.02.2025 5:49;457;16;104;74;310
19.02.2025 5:50;457;16;104;72;310
19.02.2025 5:51;457;16;104;72;310
19.02.2025 5:52;457;17;104;73;309
19.02.2025 5:53;457;16;104;75;309
19.02.2025 5:54;457;16;103;74;310
19.02.2025 5:55;457;16;102;74;310
19.02.2025 5:56;457;17;102;72;309
19.02.2025 5:57;457;16;102;74;310
19.02.2025 5:58;457;16;102;70;309
19.02.2025 5:59;457;16;102;70;309
19.02.2025 6:00;457;17;102;72;309
19.02.2025 6:01;457;16;102;73;309
19.02.2025 6:02;457;17;102;72;309
19.02.2025 6:03;457;16;101;73;309
19.02.2025 6:04;457;17;102;72;309
19.02.2025 6:05;457;16;102;70;309
19.02.2025 6:06;457;16;102;73;309
19.02.2025 6:07;457;16;102;73;310
19.02.2025 6:08;457;16;101;73;309
19.02.2025 6:09;456;16;101;73;308
19.02.2025 6:10;455;16;101;70;308
19.02.2025 6:11;455;17;101;71;306
19.02.2025 6:12;455;16;101;72;306
19.02.2025 6:13;455;16;101;69;306
19.02.2025 6:14;455;16;100;72;307
19.02.2025 6:15;455;16;101;70;306
19.02.2025 6:16;455;17;101;69;306
19.02.2025 6:17;455;16;100;70;306
19.02.2025 6:18;455;16;101;70;306
19.02.2025 6:19;455;16;100;70;307
19.02.2025 6:20;455;16;97;67;304
19.02.2025 6:21;455;16;100;69;306
19.02.2025 6:22;455;14;101;67;306
19.02.2025 6:23;455;15;100;67;305
19.02.2025 6:24;455;14;101;64;306
19.02.2025 6:25;455;14;101;64;306
19.02.2025 6:26;455;14;101;67;306
19.02.2025 6:27;455;15;100;67;306
19.02.2025 6:28;455;15;100;67;306
19.02.2025 6:29;455;15;100;67;306
19.02.2025 6:30;455;14;101;64;306
19.02.2025 6:31;455;15;100;67;306
19.02.2025 6:32;455;14;101;64;306
19.02.2025 6:33;455;14;101;64;306
19.02.2025 6:34;455;14;101;67;306
19.02.2025 6:35;455;14;101;67;306
19.02.2025 6:36;455;14;101;67;306
19.02.2025 6:37;455;14;101;67;306
19.02.2025 6:38;455;14;101;67;305
19.02.2025 6:39;455;15;100;66;306
19.02.2025 6:40;455;14;94;65;302
19.02.2025 6:41;455;15;100;67;306
19.02.2025 6:42;455;15;100;67;306
19.02.2025 6:43;455;15;100;67;306
19.02.2025 6:44;455;16;101;66;306
19.02.2025 6:46;455;14;101;67;306
19.02.2025 6:47;455;15;100;67;306
19.02.2025 6:48;455;15;100;67;306
19.02.2025 6:49;455;14;101;67;306
19.02.2025 6:50;455;14;101;64;306
19.02.2025 6:51;455;16;101;66;306
19.02.2025 6:52;455;14;101;67;306
19.02.2025 6:53;455;16;101;66;306
19.02.2025 6:54;455;15;100;67;306
19.02.2025 6:55;455;15;100;67;306
19.02.2025 6:56;455;14;100;67;306
19.02.2025 6:57;456;14;100;64;306
19.02.2025 6:58;456;14;100;66;306
19.02.2025 6:59;456;14;100;66;306
19.02.2025 7:00;456;14;100;64;306
19.02.2025 7:01;456;15;99;67;306
19.02.2025 7:02;456;14;99;64;306
19.02.2025 7:03;456;14;100;64;306
19.02.2025 7:04;456;16;100;65;306
19.02.2025 7:05;456;14;100;65;304
19.02.2025 7:06;456;14;100;64;306
19.02.2025 7:07;456;15;99;67;306
19.02.2025 7:08;456;14;100;64;306
19.02.2025 7:09;456;14;100;64;305
19.02.2025 7:10;456;15;100;65;305
19.02.2025 7:11;456;14;99;67;305
19.02.2025 7:12;456;14;100;64;305
19.02.2025 7:13;456;15;100;64;305
19.02.2025 7:14;456;13;99;64;306
19.02.2025 7:15;456;13;99;64;306
19.02.2025 7:16;456;14;99;63;305
19.02.2025 7:17;456;13;98;64;305
19.02.2025 7:18;456;14;99;62;305
19.02.2025 7:19;456;13;99;62;305
19.02.2025 7:20;456;14;99;62;305
19.02.2025 7:21;456;13;98;63;305
19.02.2025 7:22;456;14;98;62;305
19.02.2025 7:23;456;13;96;63;305
19.02.2025 7:24;456;13;98;62;305
19.02.2025 7:25;456;14;98;62;305
19.02.2025 7:26;456;14;98;62;305
19.02.2025 7:27;456;13;98;62;305
19.02.2025 7:28;456;13;98;63;304
19.02.2025 7:29;456;13;98;62;305
19.02.2025 7:30;456;14;98;62;305
19.02.2025 7:31;456;13;98;63;305
19.02.2025 7:32;456;14;97;62;305
19.02.2025 7:33;456;13;98;63;305
19.02.2025 7:34;456;13;98;63;305
19.02.2025 7:35;456;14;98;61;305
19.02.2025 7:36;456;14;98;61;304
19.02.2025 7:37;456;13;98;62;305
19.02.2025 7:38;456;14;98;61;305
19.02.2025 7:39;456;14;98;61;305
19.02.2025 7:40;456;13;129;61;305
19.02.2025 7:41;456;14;98;61;305
19.02.2025 7:42;456;13;98;61;304
19.02.2025 7:43;456;13;98;62;305
19.02.2025 7:44;456;13;98;62;304
19.02.2025 7:45;456;13;98;62;306
19.02.2025 7:46;456;13;98;62;306
19.02.2025 7:47;455;24;81;88;298
19.02.2025 7:48;456;14;98;61;305
19.02.2025 7:49;456;13;96;61;304
19.02.2025 7:50;456;14;98;61;305
19.02.2025 7:51;456;13;98;62;306
19.02.2025 7:52;456;14;98;61;305
19.02.2025 7:53;456;14;98;61;305
19.02.2025 7:54;456;14;98;61;305
19.02.2025 7:55;456;12;96;62;303
19.02.2025 7:56;456;13;98;62;306
19.02.2025 7:57;456;13;98;61;305
19.02.2025 7:58;456;13;98;61;305
19.02.2025 7:59;456;13;98;61;305
19.02.2025 8:00;456;13;98;61;305
19.02.2025 8:01;456;13;94;62;302
19.02.2025 8:02;456;13;97;62;305
19.02.2025 8:03;456;13;98;62;305
19.02.2025 8:04;456;23;109;45;307
19.02.2025 8:05;456;13;98;62;306
19.02.2025 8:06;456;13;97;62;305
19.02.2025 8:07;456;13;97;62;305
19.02.2025 8:08;456;13;96;61;305
19.02.2025 8:09;456;13;96;62;306
19.02.2025 8:10;456;13;96;62;305
19.02.2025 8:11;456;13;97;61;305
19.02.2025 8:12;456;13;97;61;303
19.02.2025 8:13;456;13;97;61;304
19.02.2025 8:14;456;13;96;62;305
19.02.2025 8:15;456;15;96;64;305
19.02.2025 8:16;456;13;96;62;305
19.02.2025 8:17;456;15;96;64;305
19.02.2025 8:18;456;15;96;64;305
19.02.2025 8:19;456;16;96;62;304
19.02.2025 8:20;456;13;96;64;305
19.02.2025 8:21;456;16;96;62;303
19.02.2025 8:22;456;13;96;64;306
19.02.2025 8:23;456;15;96;64;304
19.02.2025 8:24;456;16;96;62;304
19.02.2025 8:25;455;13;96;62;304
19.02.2025 8:26;455;15;96;64;304
19.02.2025 8:27;455;13;96;64;305
19.02.2025 8:28;455;16;96;62;304
19.02.2025 8:29;455;16;96;62;304
19.02.2025 8:30;455;13;96;64;304
19.02.2025 8:32;455;16;96;62;304
19.02.2025 8:33;455;13;95;62;304
19.02.2025 8:34;455;16;96;62;304
19.02.2025 8:35;455;13;96;64;304
19.02.2025 8:36;455;15;96;64;304
19.02.2025 8:37;455;15;96;64;304
19.02.2025 8:38;455;13;95;62;304
19.02.2025 8:39;455;13;95;62;304
19.02.2025 8:40;455;13;96;64;303
19.02.2025 8:41;455;16;96;62;303
19.02.2025 8:42;455;13;96;64;304
19.02.2025 8:43;455;16;96;62;304
19.02.2025 8:44;455;13;95;62;304
19.02.2025 8:45;455;16;96;62;304
19.02.2025 8:46;455;15;96;64;304
19.02.2025 8:47;455;13;96;64;304
19.02.2025 8:48;455;16;96;62;303
19.02.2025 8:49;455;13;96;64;304
19.02.2025 8:50;455;16;96;62;303
19.02.2025 8:51;455;15;96;68;304
19.02.2025 8:52;455;15;96;68;304
19.02.2025 8:53;455;13;95;65;304
19.02.2025 8:54;455;16;96;66;302
19.02.2025 8:55;455;13;95;65;302
19.02.2025 8:56;455;13;95;65;302
19.02.2025 8:57;455;13;95;65;302
19.02.2025 8:58;455;16;96;66;301
19.02.2025 8:59;455;16;96;66;301
19.02.2025 9:00;455;13;96;66;302
19.02.2025 9:01;455;13;96;66;302
19.02.2025 9:02;455;13;96;66;302
19.02.2025 9:03;455;15;96;68;302
19.02.2025 9:04;455;13;95;65;302
19.02.2025 9:05;455;13;95;65;302
19.02.2025 9:06;454;13;95;65;302
19.02.2025 9:07;455;13;95;65;302
19.02.2025 9:08;455;15;96;68;302
19.02.2025 9:09;455;15;96;68;302
19.02.2025 9:10;455;15;95;68;301
19.02.2025 9:11;455;13;95;72;302
19.02.2025 9:12;455;15;95;74;300
19.02.2025 9:13;455;13;95;72;302
19.02.2025 9:14;455;13;95;72;302
19.02.2025 9:15;455;13;96;76;302
19.02.2025 9:16;455;13;91;72;302
19.02.2025 9:17;455;13;98;69;302
19.02.2025 9:18;455;14;99;71;301
19.02.2025 9:19;455;13;98;69;302
19.02.2025 9:20;455;14;99;71;301
19.02.2025 9:21;455;13;98;72;302
19.02.2025 9:22;455;13;98;72;302
19.02.2025 9:23;455;13;97;67;301
19.02.2025 9:24;455;13;97;67;301
19.02.2025 9:25;455;13;97;67;301
19.02.2025 9:26;455;14;98;69;300
19.02.2025 9:27;455;13;97;70;299
19.02.2025 9:28;455;13;97;70;301
19.02.2025 9:29;455;13;97;67;301
19.02.2025 9:30;455;14;98;69;300
19.02.2025 9:31;455;13;97;70;301
19.02.2025 9:32;455;13;97;70;301
19.02.2025 9:33;455;14;98;69;300
19.02.2025 9:34;454;13;97;67;301
19.02.2025 9:35;455;13;97;70;301
19.02.2025 9:36;455;13;97;70;301
19.02.2025 9:37;455;13;97;70;301
19.02.2025 9:38;455;13;97;70;301
19.02.2025 9:39;455;13;97;70;301
19.02.2025 9:40;455;13;97;67;301
19.02.2025 9:41;455;13;97;70;301
19.02.2025 9:42;455;14;98;69;300
19.02.2025 9:43;454;13;97;67;301
19.02.2025 9:44;455;13;97;70;301
19.02.2025 9:45;454;13;97;67;301
19.02.2025 9:46;454;13;96;66;300
19.02.2025 9:47;454;14;98;68;300
19.02.2025 9:48;454;13;97;69;301
19.02.2025 9:49;454;14;98;68;300
19.02.2025 9:50;453;13;97;67;301
19.02.2025 9:51;453;13;97;69;301
19.02.2025 9:52;454;6;102;70;301
19.02.2025 9:53;453;13;97;67;301
19.02.2025 9:54;453;13;97;69;301
19.02.2025 9:55;453;13;97;69;301
19.02.2025 9:56;453;13;97;67;301
19.02.2025 9:57;453;13;97;67;301
19.02.2025 9:58;453;13;97;67;301
19.02.2025 9:59;453;13;97;69;301
19.02.2025 10:00;453;13;97;69;301
19.02.2025 10:01;453;13;97;67;301
19.02.2025 10:02;453;12;91;64;299
19.02.2025 10:03;453;13;97;67;301
19.02.2025 10:04;453;13;97;69;301
19.02.2025 10:05;453;13;97;69;301
19.02.2025 10:06;453;13;97;69;301
19.02.2025 10:07;453;13;96;69;299
19.02.2025 10:08;453;13;97;69;301
19.02.2025 10:09;453;13;97;69;301
19.02.2025 10:10;453;13;96;67;301
19.02.2025 10:11;453;14;103;67;299
19.02.2025 10:12;453;13;102;65;300
19.02.2025 10:13;453;14;103;67;298
19.02.2025 10:14;453;13;102;68;299
19.02.2025 10:16;453;13;102;65;300
19.02.2025 10:17;453;13;102;65;300
19.02.2025 10:18;453;13;103;67;300
19.02.2025 10:19;453;13;103;67;300
19.02.2025 10:20;453;13;102;65;300
19.02.2025 10:21;453;14;103;67;299
19.02.2025 10:22;453;13;101;65;299
19.02.2025 10:23;453;14;103;67;299
19.02.2025 10:24;453;9;79;81;304
19.02.2025 10:25;453;13;102;65;299
19.02.2025 10:26;453;13;101;68;298
19.02.2025 10:27;452;13;133;67;299
19.02.2025 10:28;452;13;103;67;299
19.02.2025 10:29;452;13;103;67;299
19.02.2025 10:30;452;13;102;68;298
19.02.2025 10:31;452;14;103;67;298
19.02.2025 10:32;452;14;103;67;298
19.02.2025 10:33;452;13;102;65;299
19.02.2025 10:34;452;14;103;67;298
19.02.2025 10:35;452;14;103;67;297
19.02.2025 10:36;452;14;104;67;298
19.02.2025 10:37;452;13;103;68;298
19.02.2025 10:38;452;14;104;67;298
19.02.2025 10:39;452;14;104;67;297
19.02.2025 10:40;451;13;103;65;299
19.02.2025 10:41;451;14;103;67;298
19.02.2025 10:42;451;14;103;67;298
19.02.2025 10:43;451;13;103;67;299
19.02.2025 10:44;451;13;102;68;298
19.02.2025 10:45;451;13;103;67;299
19.02.2025 10:46;451;13;103;65;299
19.02.2025 10:47;451;13;102;68;298
19.02.2025 10:48;451;13;102;66;298
19.02.2025 10:49;451;13;103;66;299
19.02.2025 10:50;451;13;103;64;299
19.02.2025 10:51;451;14;103;65;298
19.02.2025 10:52;451;13;103;66;299
19.02.2025 10:53;451;14;103;65;298
19.02.2025 10:54;451;13;102;66;298
19.02.2025 10:55;451;13;102;66;296
19.02.2025 10:56;451;9;120;61;293
19.02.2025 10:57;451;14;103;65;298
19.02.2025 10:58;451;14;103;65;298
19.02.2025 10:59;451;13;103;64;299
19.02.2025 11:00;451;13;103;66;299
19.02.2025 11:01;451;13;102;66;298
19.02.2025 11:02;451;13;102;66;298
19.02.2025 11:03;451;13;102;66;298
19.02.2025 11:04;451;13;103;64;299
19.02.2025 11:05;451;13;102;66;298
19.02.2025 11:06;451;14;103;65;298
19.02.2025 11:07;451;14;103;65;298
19.02.2025 11:08;451;12;101;64;298
19.02.2025 11:09;451;13;103;64;299
19.02.2025 11:10;451;14;103;65;298
19.02.2025 11:11;451;13;103;64;298
19.02.2025 11:12;451;14;103;65;298
19.02.2025 11:13;451;13;102;66;298
19.02.2025 11:14;451;14;103;65;298
19.02.2025 11:15;451;13;103;66;299
19.02.2025 11:16;451;13;94;63;296
19.02.2025 11:17;451;13;103;66;299
19.02.2025 11:18;451;14;103;65;298
19.02.2025 11:19;451;14;103;65;298
19.02.2025 11:20;451;13;102;66;298
19.02.2025 11:21;451;13;103;64;298
19.02.2025 11:22;451;13;103;64;298
19.02.2025 11:23;451;13;103;64;298
19.02.2025 11:24;451;13;103;64;298
19.02.2025 11:25;451;13;102;66;298
19.02.2025 11:26;451;13;102;66;298
19.02.2025 11:27;451;13;101;66;298
19.02.2025 11:28;451;14;103;65;298
19.02.2025 11:29;451;13;101;66;298
19.02.2025 11:30;451;13;103;66;298
19.02.2025 11:31;451;13;101;66;299
19.02.2025 11:32;451;13;102;64;299
19.02.2025 11:33;451;13;101;66;299
19.02.2025 11:34;451;13;103;66;299
19.02.2025 11:35;451;13;102;64;299
19.02.2025 11:36;451;13;101;66;299
19.02.2025 11:37;451;13;101;66;299
19.02.2025 11:38;451;14;103;65;299
19.02.2025 11:39;450;13;101;64;296
19.02.2025 11:40;450;13;100;64;296
19.02.2025 11:41;450;13;99;66;295
19.02.2025 11:42;450;13;101;66;295
19.02.2025 11:43;450;13;99;63;295
19.02.2025 11:44;450;13;99;66;295
19.02.2025 11:45;450;13;99;66;295
19.02.2025 11:46;450;13;101;66;295
19.02.2025 11:47;450;13;99;66;295
19.02.2025 11:48;450;13;100;64;295
19.02.2025 11:49;450;14;101;65;295
19.02.2025 11:50;450;12;100;64;295
19.02.2025 11:51;450;13;101;65;294
19.02.2025 11:52;450;13;101;65;294
19.02.2025 11:53;450;12;100;66;294
19.02.2025 11:54;450;12;101;65;294
19.02.2025 11:55;450;13;101;65;294
19.02.2025 11:56;450;12;99;65;294
19.02.2025 11:57;450;12;100;64;294
19.02.2025 11:58;450;12;98;65;294
19.02.2025 11:59;450;12;100;64;294
19.02.2025 12:00;450;12;100;64;294
19.02.2025 12:01;450;12;101;65;294
19.02.2025 12:03;450;12;99;65;294
19.02.2025 12:04;449;12;100;64;294
19.02.2025 12:05;450;12;99;65;294
19.02.2025 12:06;450;12;101;65;294
19.02.2025 12:07;450;12;99;65;294
19.02.2025 12:08;450;12;100;64;294
19.02.2025 12:09;450;12;100;64;294
19.02.2025 12:10;450;13;101;65;294
19.02.2025 12:11;450;12;99;65;294
19.02.2025 12:12;450;12;100;64;294
19.02.2025 12:13;450;12;101;65;294
19.02.2025 12:14;450;13;101;65;294
19.02.2025 12:15;450;13;101;65;294
19.02.2025 12:16;450;12;100;64;294
19.02.2025 12:17;450;12;99;65;294
19.02.2025 12:18;450;12;100;64;294
19.02.2025 12:19;450;11;98;64;294
19.02.2025 12:20;450;12;100;64;294
19.02.2025 12:21;450;12;99;65;293
19.02.2025 12:22;450;17;101;65;293
19.02.2025 12:23;450;15;99;64;294
19.02.2025 12:24;450;16;100;65;294
19.02.2025 12:25;450;17;101;65;293
19.02.2025 12:26;450;16;100;64;294
19.02.2025 12:27;450;16;100;64;294
19.02.2025 12:28;450;17;99;65;293
19.02.2025 12:29;450;17;99;65;293
19.02.2025 12:30;450;16;100;64;294
19.02.2025 12:31;450;17;99;65;293
19.02.2025 12:32;450;17;99;64;293
19.02.2025 12:33;450;17;101;64;293
19.02.2025 12:34;450;17;99;64;293
19.02.2025 12:35;450;17;101;62;293
19.02.2025 12:36;450;15;97;61;293
19.02.2025 12:37;450;17;98;62;293
19.02.2025 12:38;450;17;100;62;293
19.02.2025 12:39;450;16;99;61;294
19.02.2025 12:40;450;17;100;62;293
19.02.2025 12:41;449;16;99;61;294
19.02.2025 12:42;450;16;99;61;294
19.02.2025 12:43;450;17;100;62;293
19.02.2025 12:44;450;16;99;61;294
19.02.2025 12:45;450;17;97;60;292
19.02.2025 12:46;450;16;98;61;294
19.02.2025 12:47;450;17;98;62;292
19.02.2025 12:48;450;16;98;61;294
19.02.2025 12:49;450;16;99;62;294
19.02.2025 12:50;450;17;100;62;293
19.02.2025 12:51;450;17;100;62;293
19.02.2025 12:52;450;17;100;62;293
19.02.2025 12:53;450;16;99;62;294
19.02.2025 12:54;450;17;100;62;293
19.02.2025 12:55;450;17;100;62;293
19.02.2025 12:56;450;16;99;61;294
19.02.2025 12:57;449;16;99;62;294
19.02.2025 12:58;449;16;99;61;294
19.02.2025 12:59;449;16;98;60;292
19.02.2025 13:00;449;17;97;60;291
19.02.2025 13:01;449;16;98;60;292
19.02.2025 13:02;449;16;98;59;292
19.02.2025 13:03;449;16;97;59;291
19.02.2025 13:04;449;17;99;60;291
19.02.2025 13:05;449;17;99;60;291
19.02.2025 13:06;449;17;99;60;291
19.02.2025 13:07;449;17;97;60;291
19.02.2025 13:08;449;17;97;60;291
19.02.2025 13:09;449;16;98;60;292
19.02.2025 13:10;449;16;98;59;292
19.02.2025 13:11;449;17;97;60;291
19.02.2025 13:12;449;17;97;59;291
19.02.2025 13:13;449;17;96;60;291
19.02.2025 13:14;449;16;98;59;292
19.02.2025 13:15;449;16;98;60;292
19.02.2025 13:16;449;16;98;59;292
19.02.2025 13:17;449;17;97;60;291
19.02.2025 13:18;449;17;97;60;291
19.02.2025 13:19;449;17;99;60;291
19.02.2025 13:20;449;16;98;60;292
19.02.2025 13:21;449;17;99;60;291
19.02.2025 13:22;449;16;98;59;291
19.02.2025 13:23;449;17;97;60;291
19.02.2025 13:24;449;17;97;60;291
19.02.2025 13:25;449;17;96;60;291
19.02.2025 13:26;449;16;98;60;292
19.02.2025 13:27;449;16;98;59;291
19.02.2025 13:28;449;16;98;60;292
19.02.2025 13:29;449;15;97;58;297
19.02.2025 13:30;449;16;96;57;296
19.02.2025 13:31;449;16;99;59;297
19.02.2025 13:32;449;15;95;57;297
19.02.2025 13:33;449;16;97;58;297
19.02.2025 13:34;449;16;97;58;297
19.02.2025 13:35;449;15;95;57;297
19.02.2025 13:36;449;15;95;57;295
19.02.2025 13:37;449;15;95;57;297
19.02.2025 13:38;449;16;95;58;297
19.02.2025 13:39;449;15;94;57;297
19.02.2025 13:40;449;15;94;57;297
19.02.2025 13:41;449;16;96;57;297
19.02.2025 13:42;449;15;94;57;297
19.02.2025 13:43;449;15;95;57;297
19.02.2025 13:44;449;15;95;57;297
19.02.2025 13:45;449;16;95;57;297
19.02.2025 13:46;449;15;93;56;295
19.02.2025 13:47;449;15;95;57;297
19.02.2025 13:48;449;15;94;57;297
19.02.2025 13:49;449;16;95;57;297
19.02.2025 13:51;449;16;95;57;297
19.02.2025 13:52;449;16;95;57;297
19.02.2025 13:53;449;16;95;55;297
19.02.2025 13:54;449;15;94;57;296
19.02.2025 13:55;449;16;96;58;297
19.02.2025 13:56;449;16;95;57;297
19.02.2025 13:57;449;16;96;58;297
19.02.2025 13:58;449;15;95;57;297
19.02.2025 13:59;449;15;95;57;297
19.02.2025 14:00;449;16;96;58;297
19.02.2025 14:01;449;16;96;58;297
19.02.2025 14:02;449;15;95;57;297
19.02.2025 14:03;449;16;96;58;297
19.02.2025 14:04;449;19;96;60;298
19.02.2025 14:05;449;16;95;57;297
19.02.2025 14:06;449;16;95;57;297
19.02.2025 14:07;449;16;96;58;297
19.02.2025 14:08;449;16;96;58;297
19.02.2025 14:09;449;16;95;57;297
19.02.2025 14:10;449;16;94;57;296
19.02.2025 14:11;449;16;94;57;296
19.02.2025 14:12;449;16;94;57;296
19.02.2025 14:13;449;16;94;57;296
19.02.2025 14:14;449;16;94;57;296
19.02.2025 14:15;449;16;94;57;296
19.02.2025 14:16;449;16;94;57;296
19.02.2025 14:17;449;15;93;55;296
19.02.2025 14:18;449;15;93;55;296
19.02.2025 14:19;449;16;93;54;296
19.02.2025 14:20;449;15;93;55;296
19.02.2025 14:21;449;15;93;55;296
19.02.2025 14:22;449;15;93;55;296
19.02.2025 14:23;449;16;93;54;296
19.02.2025 14:24;449;15;93;54;295
19.02.2025 14:25;449;16;93;53;295
19.02.2025 14:26;449;16;93;54;294
19.02.2025 14:27;449;16;93;53;293
19.02.2025 14:28;449;16;93;54;291
19.02.2025 14:29;449;16;93;53;293
19.02.2025 14:30;449;16;93;53;293
19.02.2025 14:31;449;15;93;54;293
19.02.2025 14:32;449;16;93;53;293
19.02.2025 14:33;449;15;93;54;293
19.02.2025 14:34;449;15;93;54;293
19.02.2025 14:35;449;16;93;53;293
19.02.2025 14:36;449;16;93;53;292
19.02.2025 14:37;449;16;93;53;293
19.02.2025 14:38;449;16;93;54;293
19.02.2025 14:39;449;16;93;53;292
19.02.2025 14:40;449;15;92;54;292
19.02.2025 14:41;449;15;93;54;292
19.02.2025 14:42;449;15;92;54;292
19.02.2025 14:43;449;15;92;54;292
19.02.2025 14:44;449;15;93;53;292
19.02.2025 14:45;449;15;93;54;292
19.02.2025 14:46;449;15;93;53;292
19.02.2025 14:47;449;15;92;54;292
19.02.2025 14:48;449;15;92;54;292
19.02.2025 14:49;449;15;92;53;292
19.02.2025 14:50;449;15;91;54;291
19.02.2025 14:51;449;15;93;64;292
19.02.2025 14:52;449;15;93;64;292
19.02.2025 14:53;449;15;92;64;291
19.02.2025 14:54;449;15;92;64;292
19.02.2025 14:55;449;15;92;64;291
19.02.2025 14:56;449;15;92;64;292
19.02.2025 14:57;449;15;92;64;292
19.02.2025 14:58;449;15;92;64;291
19.02.2025 14:59;449;15;92;64;290
19.02.2025 15:00;449;14;87;60;290
19.02.2025 15:01;449;15;92;64;292
19.02.2025 15:02;449;15;92;64;292
19.02.2025 15:03;449;15;92;64;292
19.02.2025 15:04;449;15;92;64;292
19.02.2025 15:05;449;15;92;64;292
19.02.2025 15:06;449;15;91;64;292
19.02.2025 15:07;449;15;92;64;292
19.02.2025 15:08;449;15;92;64;292
19.02.2025 15:09;449;15;92;64;292
19.02.2025 15:10;449;15;92;64;292
19.02.2025 15:11;449;15;92;64;292
19.02.2025 15:12;449;15;92;64;291
19.02.2025 15:13;449;15;92;64;291
19.02.2025 15:14;449;15;92;64;290
19.02.2025 15:15;449;15;92;64;292
19.02.2025 15:16;449;15;92;64;292
19.02.2025 15:17;449;15;92;64;292
19.02.2025 15:18;449;15;92;64;292
19.02.2025 15:19;449;15;92;63;292
19.02.2025 15:20;449;15;91;64;292
19.02.2025 15:21;449;15;92;64;292
19.02.2025 15:22;449;15;91;98;292
19.02.2025 15:23;449;15;92;64;292
19.02.2025 15:24;449;15;92;64;292
19.02.2025 15:25;449;15;90;63;289
19.02.2025 15:26;449;15;92;64;292
19.02.2025 15:27;449;15;92;64;292
19.02.2025 15:28;449;15;93;64;292
19.02.2025 15:29;449;15;92;64;292
19.02.2025 15:30;449;15;92;64;292
19.02.2025 15:31;449;15;92;64;292
19.02.2025 15:32;448;15;92;64;292
19.02.2025 15:34;448;15;93;64;292
19.02.2025 15:35;448;15;93;64;292
19.02.2025 15:36;448;15;92;64;292
19.02.2025 15:37;448;15;93;64;292
19.02.2025 15:38;448;15;92;64;292
19.02.2025 15:39;448;15;93;64;292
19.02.2025 15:40;448;15;93;64;292
19.02.2025 15:41;448;15;92;64;292
19.02.2025 15:42;448;15;91;64;292
19.02.2025 15:43;448;15;91;64;292
19.02.2025 15:44;448;15;91;64;292
19.02.2025 15:45;448;15;92;63;291
19.02.2025 15:46;448;15;92;64;292
19.02.2025 15:47;448;15;91;64;292
19.02.2025 15:48;448;15;91;64;292
19.02.2025 15:49;448;15;90;62;289
19.02.2025 15:50;448;15;92;62;292
19.02.2025 15:51;448;15;92;63;292
19.02.2025 15:52;448;15;89;63;291
19.02.2025 15:53;448;15;92;63;292
19.02.2025 15:54;448;15;91;63;292
19.02.2025 15:55;448;15;92;63;292
19.02.2025 15:56;448;15;91;63;290
19.02.2025 15:57;448;15;92;63;292
19.02.2025 15:58;448;15;91;63;292
19.02.2025 15:59;448;15;91;63;292
19.02.2025 16:00;448;15;92;63;292
19.02.2025 16:01;448;15;91;63;292
19.02.2025 16:02;448;15;92;63;292
19.02.2025 16:03;448;15;90;60;289
19.02.2025 16:04;447;15;89;60;290
19.02.2025 16:05;447;15;88;61;289
19.02.2025 16:06;447;15;88;60;290
19.02.2025 16:07;447;15;88;61;290
19.02.2025 16:08;447;15;88;60;290
19.02.2025 16:09;447;15;86;60;290
19.02.2025 16:10;447;15;88;60;290
19.02.2025 16:11;447;15;88;60;290
19.02.2025 16:12;447;16;89;62;291
19.02.2025 16:13;447;15;86;59;290
19.02.2025 16:14;447;15;88;59;290
19.02.2025 16:15;447;15;88;60;290
19.02.2025 16:16;447;15;86;60;290
19.02.2025 16:17;447;15;86;60;290
19.02.2025 16:18;447;33;82;58;287
19.02.2025 16:19;447;15;88;60;290
19.02.2025 16:20;447;15;117;60;290
19.02.2025 16:21;447;15;87;59;290
19.02.2025 16:22;447;15;86;59;289
19.02.2025 16:23;447;15;88;59;290
19.02.2025 16:24;447;15;88;59;290
19.02.2025 16:25;447;14;78;58;286
19.02.2025 16:26;447;15;86;60;290
19.02.2025 16:27;447;15;88;58;289
19.02.2025 16:28;447;15;86;58;290
19.02.2025 16:29;447;15;88;59;290
19.02.2025 16:30;447;15;88;59;289
19.02.2025 16:31;447;15;91;59;290
19.02.2025 16:32;447;15;93;59;290
19.02.2025 16:33;447;15;91;60;290
19.02.2025 16:34;447;15;91;58;291
19.02.2025 16:35;447;15;92;57;291
19.02.2025 16:36;447;15;92;57;291
19.02.2025 16:37;447;15;90;57;290
19.02.2025 16:38;447;15;91;57;290
19.02.2025 16:39;447;15;91;57;290
19.02.2025 16:40;447;15;91;57;290
19.02.2025 16:41;447;14;83;54;289
19.02.2025 16:42;447;24;102;69;292
19.02.2025 16:43;447;15;90;57;290
19.02.2025 16:44;447;15;88;58;290
19.02.2025 16:45;447;15;87;56;290
19.02.2025 16:46;447;15;88;58;290
19.02.2025 16:47;447;15;88;58;290
19.02.2025 16:48;447;15;89;57;290
19.02.2025 16:49;447;15;87;55;290
19.02.2025 16:50;447;15;87;55;290
19.02.2025 16:51;447;15;88;57;290
19.02.2025 16:52;447;15;88;57;290
19.02.2025 16:53;447;15;89;58;290
19.02.2025 16:54;447;15;89;56;290
19.02.2025 16:55;447;15;88;57;290
19.02.2025 16:56;447;15;87;55;290
19.02.2025 16:57;447;15;87;55;290
19.02.2025 16:58;447;15;90;56;290
19.02.2025 16:59;447;15;90;56;290
19.02.2025 17:00;447;15;90;56;290
19.02.2025 17:01;447;15;90;57;290
19.02.2025 17:02;447;15;89;59;290
19.02.2025 17:03;447;15;87;58;290
19.02.2025 17:04;447;18;94;65;291
19.02.2025 17:05;447;15;87;58;290
19.02.2025 17:06;447;15;89;59;288
19.02.2025 17:07;447;15;87;58;290
19.02.2025 17:08;447;15;88;59;290
19.02.2025 17:09;447;15;88;56;287
19.02.2025 17:10;447;15;86;57;288
19.02.2025 17:11;447;15;85;56;288
19.02.2025 17:12;447;15;86;54;287
19.02.2025 17:13;447;15;85;56;287
19.02.2025 17:14;447;15;85;56;287
19.02.2025 17:15;447;15;86;57;287
19.02.2025 17:16;447;15;85;56;287
19.02.2025 17:17;447;15;86;57;287
19.02.2025 17:18;447;15;85;56;287
19.02.2025 17:19;447;15;86;57;285
19.02.2025 17:20;447;15;86;57;287
19.02.2025 17:22;447;15;86;57;287
19.02.2025 17:23;447;15;86;57;287
19.02.2025 17:24;447;15;85;56;287
19.02.2025 17:25;447;15;86;57;287
19.02.2025 17:26;447;15;86;57;287
19.02.2025 17:27;447;15;85;56;286
19.02.2025 17:28;447;15;86;57;284
19.02.2025 17:29;447;15;86;57;286
19.02.2025 17:30;447;15;85;56;286
19.02.2025 17:31;446;15;86;57;285
19.02.2025 17:32;446;15;86;57;285
19.02.2025 17:33;446;15;86;57;286
19.02.2025 17:34;446;15;84;55;286
19.02.2025 17:35;446;15;86;57;286
19.02.2025 17:36;446;15;85;57;285
19.02.2025 17:37;446;15;87;53;285
19.02.2025 17:38;446;15;85;56;285
19.02.2025 17:39;446;15;84;54;286
19.02.2025 17:40;446;15;86;53;284
19.02.2025 17:41;446;15;86;56;286
19.02.2025 17:42;446;15;85;56;285
19.02.2025 17:43;446;15;86;56;286
19.02.2025 17:44;446;15;84;54;286
19.02.2025 17:45;446;15;86;56;286
19.02.2025 17:46;446;15;85;56;285
19.02.2025 17:47;446;15;84;54;286
19.02.2025 17:48;446;15;85;56;285
19.02.2025 17:49;446;15;86;56;286
19.02.2025 17:50;446;15;85;56;285
19.02.2025 17:51;446;15;86;55;284
19.02.2025 17:52;446;15;86;55;285
19.02.2025 17:53;446;15;87;52;285
19.02.2025 17:54;446;15;84;53;285
19.02.2025 17:55;446;15;84;53;285
19.02.2025 17:56;446;15;85;55;285
19.02.2025 17:57;446;15;85;55;284
19.02.2025 17:58;446;15;84;53;285
19.02.2025 17:59;446;15;85;55;285
19.02.2025 18:00;446;14;72;53;279
19.02.2025 18:01;446;15;85;54;285
19.02.2025 18:02;445;15;83;53;285
19.02.2025 18:03;445;15;85;52;284
19.02.2025 18:04;445;15;85;52;285
19.02.2025 18:05;445;15;85;54;285
19.02.2025 18:06;445;15;84;54;285
19.02.2025 18:07;445;15;84;54;285
19.02.2025 18:08;445;15;85;52;285
19.02.2025 18:09;445;15;85;54;285
19.02.2025 18:10;445;15;85;54;284
19.02.2025 18:11;445;15;84;54;284
19.02.2025 18:12;445;15;85;54;284
19.02.2025 18:13;445;15;85;54;284
19.02.2025 18:14;445;15;85;52;284
19.02.2025 18:15;445;12;84;51;284
19.02.2025 18:16;445;12;83;51;284
19.02.2025 18:17;445;17;84;53;282
19.02.2025 18:18;445;16;84;53;282
19.02.2025 18:19;445;16;86;54;281
19.02.2025 18:20;445;16;83;53;281
19.02.2025 18:21;445;16;83;53;278
19.02.2025 18:22;445;18;82;55;280
19.02.2025 18:23;445;16;82;60;280
19.02.2025 18:24;445;16;80;58;277
19.02.2025 18:25;445;15;72;57;276
19.02.2025 18:26;445;18;79;58;279
19.02.2025 18:27;445;18;79;58;279
19.02.2025 18:28;445;18;77;59;279
19.02.2025 18:29;445;19;77;56;277
19.02.2025 18:30;445;18;77;59;274
19.02.2025 18:31;445;18;76;58;274
19.02.2025 18:32;445;18;76;58;274
19.02.2025 18:33;445;18;77;58;274
19.02.2025 18:34;445;18;76;56;275
19.02.2025 18:35;445;18;76;58;274
19.02.2025 18:36;445;18;77;56;274
19.02.2025 18:37;444;18;77;58;275
19.02.2025 18:38;444;18;77;58;275
19.02.2025 18:39;444;17;76;56;275
19.02.2025 18:40;444;17;76;58;274
19.02.2025 18:41;444;18;77;56;274
19.02.2025 18:42;444;18;76;56;275
19.02.2025 18:43;444;18;77;58;275
19.02.2025 18:44;444;18;76;58;274
19.02.2025 18:45;444;18;75;57;273
19.02.2025 18:46;444;18;75;56;275
19.02.2025 18:47;444;18;75;58;274
19.02.2025 18:48;444;18;76;56;274
19.02.2025 18:49;444;18;74;56;275
19.02.2025 18:50;444;18;74;58;273
19.02.2025 18:51;444;18;74;58;274
19.02.2025 18:52;444;18;75;55;274
19.02.2025 18:53;444;18;76;58;274
19.02.2025 18:54;444;18;76;58;274
19.02.2025 18:55;444;18;74;56;274
19.02.2025 18:56;444;18;74;58;274
19.02.2025 18:57;444;18;76;58;274
19.02.2025 18:58;444;18;76;58;274
19.02.2025 18:59;444;18;76;56;274
19.02.2025 19:00;444;18;74;56;274
19.02.2025 19:02;444;26;92;77;266
19.02.2025 19:03;444;18;76;56;273
19.02.2025 19:04;444;18;76;56;272
19.02.2025 19:05;444;18;73;58;273
19.02.2025 19:06;444;18;75;56;273
19.02.2025 19:07;444;18;75;55;272
19.02.2025 19:08;444;18;73;55;273
19.02.2025 19:09;444;12;86;71;274
19.02.2025 19:10;444;18;73;55;273
19.02.2025 19:11;444;18;73;55;273
19.02.2025 19:12;444;18;73;69;273
19.02.2025 19:13;444;18;75;69;271
19.02.2025 19:14;444;18;75;69;272
19.02.2025 19:15;444;18;75;69;273
19.02.2025 19:16;444;18;75;69;273
19.02.2025 19:17;444;18;73;69;273
19.02.2025 19:18;444;18;73;69;273
19.02.2025 19:19;444;24;80;74;274
19.02.2025 19:20;444;18;73;69;273
19.02.2025 19:21;444;18;75;69;272
19.02.2025 19:22;444;18;73;69;273
19.02.2025 19:23;444;18;73;69;273
19.02.2025 19:24;444;18;75;69;273
19.02.2025 19:25;444;22;81;75;275
19.02.2025 19:26;444;18;73;69;273
19.02.2025 19:27;444;17;71;67;269
19.02.2025 19:28;444;17;71;67;269
19.02.2025 19:29;444;18;74;69;273
19.02.2025 19:30;444;18;73;69;273
19.02.2025 19:31;444;18;73;69;273
19.02.2025 19:32;444;14;71;66;264
19.02.2025 19:33;444;18;73;69;272
19.02.2025 19:34;444;17;69;65;280
19.02.2025 19:35;444;18;73;69;272
19.02.2025 19:36;444;18;74;69;271
19.02.2025 19:37;444;18;74;69;270
19.02.2025 19:38;444;17;70;74;271
19.02.2025 19:39;444;17;69;74;272
19.02.2025 19:40;444;17;70;73;272
19.02.2025 19:41;444;17;70;74;272
19.02.2025 19:42;444;17;70;73;272
19.02.2025 19:43;444;17;70;74;272
19.02.2025 19:44;444;17;70;73;272
19.02.2025 19:45;444;17;70;74;272
19.02.2025 19:46;444;17;70;74;272
19.02.2025 19:47;444;17;69;74;272
19.02.2025 19:48;445;21;74;78;273
19.02.2025 19:49;445;20;74;78;272
19.02.2025 19:50;444;19;72;78;272
19.02.2025 19:51;445;21;74;78;272
19.02.2025 19:52;445;21;74;78;271
19.02.2025 19:53;445;18;68;72;266
19.02.2025 19:54;445;21;74;78;272
19.02.2025 19:55;445;20;74;77;270
19.02.2025 19:56;443;20;72;76;272
19.02.2025 19:57;443;19;72;77;272
19.02.2025 19:58;442;20;71;75;269
19.02.2025 19:59;443;19;72;77;271
19.02.2025 20:00;443;19;72;77;271
19.02.2025 20:01;443;19;72;77;271
19.02.2025 20:02;443;19;73;76;271
19.02.2025 20:03;443;18;73;77;268
19.02.2025 20:04;443;19;73;76;271
19.02.2025 20:05;443;19;72;77;271
19.02.2025 20:06;443;19;71;76;271
19.02.2025 20:07;443;19;72;77;271
19.02.2025 20:08;443;19;72;78;271
19.02.2025 20:09;443;19;73;76;271
19.02.2025 20:10;443;19;72;77;271
19.02.2025 20:11;443;18;73;77;272
19.02.2025 20:12;443;19;72;78;271
19.02.2025 20:13;443;19;73;76;270
19.02.2025 20:14;443;19;72;77;271
19.02.2025 20:15;443;19;72;77;271
19.02.2025 20:16;443;18;69;74;268
19.02.2025 20:17;443;18;73;76;271
19.02.2025 20:18;443;18;73;76;271
19.02.2025 20:19;443;19;72;77;270
19.02.2025 20:20;443;19;72;77;270
19.02.2025 20:21;443;19;72;77;270
19.02.2025 20:22;443;18;73;76;271
19.02.2025 20:23;443;19;72;77;270
19.02.2025 20:24;443;18;73;76;271
19.02.2025 20:25;443;19;72;77;270
19.02.2025 20:26;443;19;72;77;270
19.02.2025 20:27;443;18;73;76;271
19.02.2025 20:28;443;19;72;77;270
19.02.2025 20:29;443;18;73;76;271
19.02.2025 20:30;443;18;73;76;271
19.02.2025 20:31;443;19;73;76;270
19.02.2025 20:32;443;19;72;77;270
19.02.2025 20:33;443;19;72;77;270
19.02.2025 20:34;443;18;73;76;271
19.02.2025 20:35;443;19;72;77;270
19.02.2025 20:36;443;18;73;76;271
19.02.2025 20:37;443;19;72;77;270
19.02.2025 20:38;443;19;72;77;270
19.02.2025 20:39;443;18;73;76;271
19.02.2025 20:41;443;17;73;76;271
19.02.2025 20:42;443;17;73;76;271
19.02.2025 20:43;443;18;72;77;269
19.02.2025 20:44;444;18;72;77;269
19.02.2025 20:45;444;18;73;76;269
19.02.2025 20:46;444;18;72;77;269
19.02.2025 20:47;444;17;73;76;270
19.02.2025 20:48;443;18;72;77;269
19.02.2025 20:49;444;18;73;76;269
19.02.2025 20:50;444;18;72;77;269
19.02.2025 20:51;443;17;70;72;266
19.02.2025 20:52;443;18;72;77;269
19.02.2025 20:53;444;17;73;76;268
19.02.2025 20:54;444;18;72;77;267
19.02.2025 20:55;444;18;72;77;268
19.02.2025 20:56;444;17;74;77;268
19.02.2025 20:57;443;17;73;76;269
19.02.2025 20:58;443;17;73;76;269
19.02.2025 20:59;444;48;59;60;257
19.02.2025 21:00;444;17;73;76;268
19.02.2025 21:01;444;19;73;76;267
19.02.2025 21:02;444;19;72;75;267
19.02.2025 21:03;444;19;73;76;267
19.02.2025 21:04;444;18;73;74;267
19.02.2025 21:05;444;19;73;76;267
19.02.2025 21:06;444;19;73;76;267
19.02.2025 21:07;444;18;73;74;267
19.02.2025 21:08;444;17;73;76;267
19.02.2025 21:09;444;19;73;76;267
19.02.2025 21:10;444;17;73;76;267
19.02.2025 21:11;444;18;73;74;267
19.02.2025 21:12;444;19;73;76;267
19.02.2025 21:13;444;17;73;76;267
19.02.2025 21:14;444;17;73;76;267
19.02.2025 21:15;444;18;73;74;267
19.02.2025 21:16;444;19;73;76;267
19.02.2025 21:17;444;17;73;76;267
19.02.2025 21:18;444;17;73;74;267
19.02.2025 21:19;444;17;73;76;267
19.02.2025 21:20;444;18;73;76;267
19.02.2025 21:21;444;17;74;78;267
19.02.2025 21:22;444;18;72;78;267
19.02.2025 21:23;444;17;70;76;265
19.02.2025 21:24;444;18;73;79;267
19.02.2025 21:25;444;17;73;80;267
19.02.2025 21:26;444;17;73;77;267
19.02.2025 21:27;444;17;73;77;267
19.02.2025 21:28;444;18;72;78;267
19.02.2025 21:29;444;17;73;77;267
19.02.2025 21:30;444;17;73;77;267
19.02.2025 21:31;444;17;73;80;267
19.02.2025 21:32;444;17;73;77;267
19.02.2025 21:33;444;18;72;78;267
19.02.2025 21:34;444;17;73;77;267
19.02.2025 21:35;444;18;72;78;267
19.02.2025 21:36;444;17;73;80;267
19.02.2025 21:37;444;18;72;78;267
19.02.2025 21:38;444;18;73;79;267
19.02.2025 21:39;444;18;73;79;267
19.02.2025 21:40;444;18;73;79;267
19.02.2025 21:41;444;18;70;77;266
19.02.2025 21:42;444;17;73;77;267
19.02.2025 21:43;444;17;73;77;267
19.02.2025 21:44;444;18;73;79;267
19.02.2025 21:45;444;18;72;78;266
19.02.2025 21:46;444;17;73;77;266
19.02.2025 21:47;444;17;73;80;266
19.02.2025 21:48;444;17;73;77;266
19.02.2025 21:49;444;17;73;77;266
19.02.2025 21:50;444;18;73;79;266
19.02.2025 21:51;444;18;73;79;266
19.02.2025 21:52;444;17;73;77;266
19.02.2025 21:53;444;17;73;80;266
19.02.2025 21:54;444;18;72;78;266
19.02.2025 21:55;444;18;73;79;266
19.02.2025 21:56;444;18;72;78;266
19.02.2025 21:57;444;18;72;78;266
19.02.2025 21:58;444;17;72;79;266
19.02.2025 21:59;444;17;73;80;266
19.02.2025 22:00;444;17;73;77;266
19.02.2025 22:01;444;17;73;77;266
19.02.2025 22:02;444;17;73;77;266
19.02.2025 22:03;444;18;73;79;266
19.02.2025 22:04;444;18;73;79;266
19.02.2025 22:05;444;18;72;78;266
19.02.2025 22:06;444;18;72;78;266
19.02.2025 22:07;444;18;73;79;266
19.02.2025 22:08;444;20;72;80;256
19.02.2025 22:09;444;17;72;80;265
19.02.2025 22:10;444;19;72;80;262
19.02.2025 22:11;444;19;72;80;265
19.02.2025 22:12;444;19;72;79;265
19.02.2025 22:13;444;17;72;80;265
19.02.2025 22:14;443;27;64;71;259
19.02.2025 22:15;444;18;72;79;265
19.02.2025 22:16;444;19;72;80;265
19.02.2025 22:17;444;19;72;80;265
19.02.2025 22:18;444;18;71;85;263
19.02.2025 22:19;444;17;71;85;264
19.02.2025 22:20;444;18;71;85;263
19.02.2025 22:21;444;18;70;85;264
19.02.2025 22:22;444;18;71;85;264
19.02.2025 22:24;444;18;71;85;263
19.02.2025 22:25;444;18;71;85;263
19.02.2025 22:26;444;16;71;85;264
19.02.2025 22:27;444;18;71;85;263
19.02.2025 22:28;444;16;71;85;263
19.02.2025 22:29;444;14;59;73;261
19.02.2025 22:30;444;16;71;85;263
19.02.2025 22:31;444;18;71;85;263
19.02.2025 22:32;444;18;71;85;263
19.02.2025 22:33;444;16;71;85;273
19.02.2025 22:34;444;18;71;85;263
19.02.2025 22:35;444;18;71;85;263
19.02.2025 22:36;444;16;71;85;263
19.02.2025 22:37;444;16;71;85;263
19.02.2025 22:38;444;18;71;85;263
19.02.2025 22:39;444;17;71;85;263
19.02.2025 22:40;444;18;71;85;262
19.02.2025 22:41;444;18;71;85;262
19.02.2025 22:42;443;17;71;85;262
19.02.2025 22:43;443;18;71;85;262
19.02.2025 22:44;443;18;70;85;262
19.02.2025 22:45;443;18;70;85;262
19.02.2025 22:46;443;18;70;85;262
19.02.2025 22:47;443;18;70;85;262
19.02.2025 22:48;443;18;70;85;261
19.02.2025 22:49;443;18;70;85;262
19.02.2025 22:50;443;18;70;85;262
19.02.2025 22:51;443;18;69;84;262
19.02.2025 22:52;443;18;68;83;262
19.02.2025 22:53;443;18;69;84;262
19.02.2025 22:54;443;18;69;84;261
19.02.2025 22:55;443;18;68;87;261
19.02.2025 22:56;443;16;74;85;260
19.02.2025 22:57;443;18;76;85;260
19.02.2025 22:58;443;16;74;85;260
19.02.2025 22:59;443;16;74;85;260
19.02.2025 23:00;443;15;76;87;260
19.02.2025 23:01;443;18;76;85;260
19.02.2025 23:02;443;18;76;85;260
19.02.2025 23:03;443;16;74;85;260
19.02.2025 23:04;443;16;73;84;260
19.02.2025 23:05;443;15;76;87;260
19.02.2025 23:06;443;16;74;85;260
19.02.2025 23:07;443;16;74;85;260
19.02.2025 23:08;443;18;76;85;260
19.02.2025 23:09;443;18;76;85;260
19.02.2025 23:10;443;18;76;85;260
19.02.2025 23:11;443;18;75;87;260
19.02.2025 23:12;443;16;74;85;260
19.02.2025 23:13;443;18;75;87;260
19.02.2025 23:14;443;18;76;85;260
19.02.2025 23:15;443;18;74;87;260
19.02.2025 23:16;443;15;75;87;260
19.02.2025 23:17;443;15;75;87;260
19.02.2025 23:18;443;18;75;85;260
19.02.2025 23:19;443;18;74;87;260
19.02.2025 23:20;443;18;75;85;260
19.02.2025 23:21;443;18;74;86;260
19.02.2025 23:22;443;18;75;85;260
19.02.2025 23:23;443;16;73;85;260
19.02.2025 23:24;443;16;73;85;260
19.02.2025 23:25;443;15;75;87;260
19.02.2025 23:26;443;16;73;85;260
19.02.2025 23:27;443;18;74;87;260
19.02.2025 23:28;443;15;75;87;260
19.02.2025 23:29;443;18;75;85;260
19.02.2025 23:30;443;16;73;85;260
19.02.2025 23:31;443;15;75;87;260
19.02.2025 23:32;443;15;75;87;260
19.02.2025 23:33;443;15;75;87;260
19.02.2025 23:34;443;16;71;82;260
19.02.2025 23:35;443;18;75;85;260
19.02.2025 23:36;443;15;75;87;260
19.02.2025 23:37;443;18;75;85;260
19.02.2025 23:38;443;15;75;87;260
19.02.2025 23:39;443;15;75;87;260
19.02.2025 23:40;443;16;73;85;260
19.02.2025 23:41;443;16;73;85;260
19.02.2025 23:42;443;18;73;85;258
19.02.2025 23:43;443;16;73;85;260
19.02.2025 23:44;443;18;75;85;260
19.02.2025 23:45;443;15;75;87;260
19.02.2025 23:46;443;16;73;85;260
19.02.2025 23:47;443;18;75;85;260
19.02.2025 23:48;443;15;75;87;260
19.02.2025 23:49;443;18;74;87;260
19.02.2025 23:50;443;18;74;87;260
19.02.2025 23:51;443;15;75;87;260
19.02.2025 23:52;443;18;75;85;260
19.02.2025 23:53;443;18;74;87;260
19.02.2025 23:54;443;18;75;85;260
19.02.2025 23:55;443;18;74;86;260
19.02.2025 23:56;443;18;75;83;260
19.02.2025 23:57;443;16;73;83;260
19.02.2025 23:58;443;16;73;83;260
19.02.2025 23:59;443;18;74;86;260
20.02.2025 0:00;443;23;80;94;255
20.02.2025 0:01;443;19;76;84;259
20.02.2025 0:02;443;19;77;86;260
20.02.2025 0:04;443;19;77;86;260
20.02.2025 0:05;443;19;77;86;259
20.02.2025 0:06;443;19;77;86;259
20.02.2025 0:07;443;19;77;86;259
20.02.2025 0:08;443;19;77;86;259
20.02.2025 0:09;443;19;77;86;259
20.02.2025 0:10;443;19;77;86;259
20.02.2025 0:11;443;19;77;84;258
20.02.2025 0:12;443;19;77;83;258
20.02.2025 0:13;443;19;77;85;259
20.02.2025 0:14;443;19;77;85;259
20.02.2025 0:15;443;19;77;85;259
20.02.2025 0:16;443;19;77;85;259
20.02.2025 0:17;443;19;77;85;259
20.02.2025 0:18;443;19;77;85;259
20.02.2025 0:19;443;19;77;85;259
20.02.2025 0:20;443;19;76;83;258
20.02.2025 0:21;443;19;76;83;258
20.02.2025 0:22;443;19;76;83;258
20.02.2025 0:23;443;19;76;83;258
20.02.2025 0:24;443;19;77;85;259
20.02.2025 0:25;443;19;76;83;258
20.02.2025 0:26;443;19;76;83;258
20.02.2025 0:27;443;19;77;85;259
20.02.2025 0:28;443;19;76;83;258
20.02.2025 0:29;443;19;77;83;258
20.02.2025 0:30;443;19;77;83;258
20.02.2025 0:31;443;19;76;83;258
20.02.2025 0:32;443;19;77;85;259
20.02.2025 0:33;443;19;76;83;258
20.02.2025 0:34;443;19;77;85;259
20.02.2025 0:35;443;19;77;85;259
20.02.2025 0:36;443;19;76;83;258
20.02.2025 0:37;443;15;90;103;255
20.02.2025 0:38;443;19;76;83;258
20.02.2025 0:39;443;19;77;85;259
20.02.2025 0:40;443;19;76;83;258
20.02.2025 0:41;443;19;77;83;258
20.02.2025 0:42;443;19;77;83;258
20.02.2025 0:43;443;19;77;85;259
20.02.2025 0:44;443;19;76;83;258
20.02.2025 0:45;443;19;77;85;259
20.02.2025 0:46;443;19;77;85;259
20.02.2025 0:47;443;21;66;76;257
20.02.2025 0:48;443;20;61;99;266
20.02.2025 0:49;443;20;65;76;257
20.02.2025 0:50;443;21;66;76;257
20.02.2025 0:51;443;20;65;77;258
20.02.2025 0:52;443;20;65;77;258
20.02.2025 0:53;443;20;65;77;258
20.02.2025 0:54;443;20;65;77;258
20.02.2025 0:55;443;21;66;76;257
20.02.2025 0:56;443;21;65;77;258
20.02.2025 0:57;443;20;65;77;258
20.02.2025 0:58;443;21;65;77;258
20.02.2025 0:59;443;21;66;76;257
20.02.2025 1:00;443;20;65;77;258
20.02.2025 1:01;443;21;66;76;257
20.02.2025 1:02;443;21;65;77;258
20.02.2025 1:03;443;20;65;77;258
20.02.2025 1:04;443;20;65;76;257
20.02.2025 1:05;443;19;62;71;254
20.02.2025 1:06;443;21;64;76;257
20.02.2025 1:07;443;21;65;76;257
20.02.2025 1:08;443;21;64;75;257
20.02.2025 1:09;443;19;65;76;257
20.02.2025 1:10;443;19;65;76;257
20.02.2025 1:11;443;19;65;76;256
20.02.2025 1:12;443;21;66;75;256
20.02.2025 1:13;443;19;65;75;256
20.02.2025 1:14;443;19;65;76;257
20.02.2025 1:15;443;19;65;76;257
20.02.2025 1:16;443;21;65;76;257
20.02.2025 1:17;443;19;65;76;257
20.02.2025 1:18;443;19;65;76;257
20.02.2025 1:19;443;21;66;75;256
20.02.2025 1:20;443;19;65;76;257
20.02.2025 1:21;443;20;65;76;257
20.02.2025 1:22;443;19;65;74;256
20.02.2025 1:23;443;21;66;75;256
20.02.2025 1:24;443;21;65;76;257
20.02.2025 1:25;443;19;65;76;257
20.02.2025 1:26;442;21;66;75;256
20.02.2025 1:27;441;19;65;74;256
20.02.2025 1:28;441;20;66;74;255
20.02.2025 1:29;441;19;65;74;255
20.02.2025 1:30;441;19;65;74;255
20.02.2025 1:31;441;20;66;74;255
20.02.2025 1:32;441;19;65;76;256
20.02.2025 1:33;441;18;63;70;252
20.02.2025 1:34;441;19;65;74;255
20.02.2025 1:35;441;19;65;74;255
20.02.2025 1:36;441;20;66;74;255
20.02.2025 1:37;441;20;66;74;255
20.02.2025 1:38;441;20;66;74;255
20.02.2025 1:39;441;19;65;76;256
20.02.2025 1:40;441;20;66;74;255
20.02.2025 1:41;441;19;65;74;255
20.02.2025 1:42;441;20;66;74;255
20.02.2025 1:43;441;19;65;74;255
20.02.2025 1:44;441;20;66;74;255
20.02.2025 1:45;441;20;66;74;255
20.02.2025 1:46;441;20;66;74;255
20.02.2025 1:47;441;20;65;76;255
20.02.2025 1:49;441;20;65;74;255
20.02.2025 1:50;441;20;66;74;255
20.02.2025 1:51;441;19;65;76;256
20.02.2025 1:52;441;20;65;76;255
20.02.2025 1:53;441;19;65;76;256
20.02.2025 1:54;441;19;65;76;256
20.02.2025 1:55;441;20;66;74;255
20.02.2025 1:56;441;20;66;74;255
20.02.2025 1:57;441;20;65;76;255
20.02.2025 1:58;441;20;66;74;255
20.02.2025 1:59;441;19;65;76;256
20.02.2025 2:00;441;20;65;76;255
20.02.2025 2:01;441;20;65;76;255
20.02.2025 2:02;441;24;54;65;249
20.02.2025 2:03;441;20;66;76;255
20.02.2025 2:04;441;20;66;76;255
20.02.2025 2:05;441;20;65;76;255
20.02.2025 2:06;441;20;66;76;255
20.02.2025 2:07;441;19;65;76;255
20.02.2025 2:08;441;19;65;76;255
20.02.2025 2:09;441;20;66;76;255
20.02.2025 2:10;441;18;63;75;255
20.02.2025 2:11;441;18;65;76;256
20.02.2025 2:12;441;19;66;75;255
20.02.2025 2:13;441;18;65;76;256
20.02.2025 2:14;441;18;65;76;256
20.02.2025 2:15;441;19;66;75;255
20.02.2025 2:16;441;19;65;75;255
20.02.2025 2:17;441;18;65;74;255
20.02.2025 2:18;441;18;65;75;256
20.02.2025 2:19;441;18;65;74;255
20.02.2025 2:20;441;18;65;74;255
20.02.2025 2:21;441;19;66;74;255
20.02.2025 2:22;441;18;65;75;256
20.02.2025 2:23;441;18;65;75;255
20.02.2025 2:24;441;18;65;74;255
20.02.2025 2:25;441;18;65;75;256
20.02.2025 2:26;441;19;66;73;255
20.02.2025 2:27;441;19;65;75;255
20.02.2025 2:28;441;18;65;74;255
20.02.2025 2:29;441;18;62;70;253
20.02.2025 2:30;441;19;64;75;255
20.02.2025 2:31;441;18;65;74;256
20.02.2025 2:32;441;19;65;74;255
20.02.2025 2:33;441;18;65;73;255
20.02.2025 2:34;441;18;65;73;255
20.02.2025 2:35;441;18;65;73;255
20.02.2025 2:36;441;19;66;73;255
20.02.2025 2:37;441;19;65;74;255
20.02.2025 2:38;441;19;64;73;255
20.02.2025 2:39;441;19;64;73;255
20.02.2025 2:40;441;19;65;72;254
20.02.2025 2:41;441;18;64;73;256
20.02.2025 2:42;441;19;65;72;255
20.02.2025 2:43;441;18;64;72;255
20.02.2025 2:44;441;18;65;72;255
20.02.2025 2:45;441;18;64;73;255
20.02.2025 2:46;442;23;73;85;255
20.02.2025 2:47;441;18;64;72;254
20.02.2025 2:48;441;18;62;71;255
20.02.2025 2:49;441;19;65;73;254
20.02.2025 2:50;441;17;61;68;252
20.02.2025 2:51;441;18;64;72;254
20.02.2025 2:52;441;17;63;73;254
20.02.2025 2:53;441;18;65;72;254
20.02.2025 2:54;441;18;65;72;254
20.02.2025 2:55;440;18;65;72;253
20.02.2025 2:56;440;17;64;73;255
20.02.2025 2:57;440;17;64;72;254
20.02.2025 2:58;440;17;64;72;254
20.02.2025 2:59;440;18;67;74;255
20.02.2025 3:00;440;17;64;73;255
20.02.2025 3:01;440;18;65;72;253
20.02.2025 3:02;440;17;64;72;253
20.02.2025 3:03;438;20;61;69;250
20.02.2025 3:04;438;21;66;72;251
20.02.2025 3:05;438;22;66;72;251
20.02.2025 3:06;438;22;65;72;251
20.02.2025 3:07;438;22;66;72;251
20.02.2025 3:08;439;22;64;70;250
20.02.2025 3:09;438;21;65;76;250
20.02.2025 3:10;438;21;65;79;250
20.02.2025 3:11;438;21;67;76;250
20.02.2025 3:12;438;22;67;79;250
20.02.2025 3:13;438;21;66;79;250
20.02.2025 3:14;438;21;66;79;250
20.02.2025 3:15;438;22;68;76;250
20.02.2025 3:16;438;19;59;71;248
20.02.2025 3:17;438;22;68;76;250
20.02.2025 3:18;438;22;67;78;250
20.02.2025 3:19;438;21;67;76;250
20.02.2025 3:20;438;21;66;78;250
20.02.2025 3:21;438;22;68;76;250
20.02.2025 3:22;438;22;68;76;250
20.02.2025 3:23;438;21;66;78;250
20.02.2025 3:24;438;22;68;76;250
20.02.2025 3:25;438;22;67;78;250
20.02.2025 3:26;438;22;67;76;250
20.02.2025 3:27;438;21;67;76;250
20.02.2025 3:28;438;21;67;76;250
20.02.2025 3:29;438;21;67;76;250
20.02.2025 3:30;438;21;66;78;250
20.02.2025 3:31;438;22;68;76;250
20.02.2025 3:32;438;21;67;76;250
20.02.2025 3:34;438;22;68;76;250
20.02.2025 3:35;438;21;66;78;250
20.02.2025 3:36;438;22;68;76;250
20.02.2025 3:37;438;21;66;78;250
20.02.2025 3:38;438;21;66;78;249
20.02.2025 3:39;438;22;68;76;250
20.02.2025 3:40;438;22;66;76;250
20.02.2025 3:41;439;22;67;76;250
20.02.2025 3:42;438;22;67;76;250
20.02.2025 3:43;438;22;66;76;249
20.02.2025 3:44;438;22;67;76;249
20.02.2025 3:45;438;22;67;76;250
20.02.2025 3:46;438;22;67;76;249
20.02.2025 3:47;438;22;67;76;250
20.02.2025 3:48;438;22;67;76;249
20.02.2025 3:49;438;22;67;76;250
20.02.2025 3:50;438;22;68;77;250
20.02.2025 3:51;438;22;67;76;250
20.02.2025 3:52;438;22;67;76;250
20.02.2025 3:53;438;22;67;76;250
20.02.2025 3:54;438;22;66;76;250
20.02.2025 3:55;438;22;67;76;250
20.02.2025 3:56;438;22;66;76;250
20.02.2025 3:57;438;22;67;76;250
20.02.2025 3:58;438;22;66;76;250
20.02.2025 3:59;438;22;67;76;250
20.02.2025 4:00;438;22;66;84;250
20.02.2025 4:01;438;21;66;83;250
20.02.2025 4:02;438;22;65;84;250
20.02.2025 4:03;438;22;66;83;249
20.02.2025 4:04;438;21;66;83;250
20.02.2025 4:05;438;21;66;83;250
20.02.2025 4:06;439;20;64;84;247
20.02.2025 4:07;438;22;66;83;249
20.02.2025 4:08;438;21;66;83;250
20.02.2025 4:09;438;21;66;83;249
20.02.2025 4:10;438;22;65;84;250
20.02.2025 4:11;438;21;66;83;250
20.02.2025 4:12;438;22;64;83;250
20.02.2025 4:13;438;21;65;82;250
20.02.2025 4:14;437;21;64;82;250
20.02.2025 4:15;437;21;64;83;249
20.02.2025 4:16;437;21;64;83;248
20.02.2025 4:17;437;21;65;82;248
20.02.2025 4:18;437;20;63;81;248
20.02.2025 4:19;437;21;65;82;248
20.02.2025 4:20;437;21;65;82;255
20.02.2025 4:21;437;21;65;82;248
20.02.2025 4:22;437;21;65;82;248
20.02.2025 4:23;437;21;64;83;248
20.02.2025 4:24;437;21;64;83;248
20.02.2025 4:25;437;21;65;82;248
20.02.2025 4:26;437;21;65;82;248
20.02.2025 4:27;437;21;65;82;248
20.02.2025 4:28;437;21;60;78;247
20.02.2025 4:29;437;21;65;82;248
20.02.2025 4:30;438;21;64;83;248
20.02.2025 4:31;437;21;65;82;248
20.02.2025 4:32;437;21;64;83;248
20.02.2025 4:33;437;20;64;82;248
20.02.2025 4:34;438;21;65;82;248
20.02.2025 4:35;438;21;64;83;248
20.02.2025 4:36;437;21;64;83;248
20.02.2025 4:37;438;21;64;82;248
20.02.2025 4:38;438;21;65;82;248
20.02.2025 4:39;437;21;63;82;248
20.02.2025 4:40;437;21;64;83;248
20.02.2025 4:41;438;21;64;83;248
20.02.2025 4:42;438;21;63;83;248
20.02.2025 4:43;437;21;64;83;248
20.02.2025 4:44;437;21;64;83;248
20.02.2025 4:45;438;21;64;83;248
20.02.2025 4:46;438;21;64;82;248
20.02.2025 4:47;438;21;64;83;248
20.02.2025 4:48;438;21;64;83;248
20.02.2025 4:49;438;21;64;83;248
20.02.2025 4:50;438;21;64;83;248
20.02.2025 4:51;438;20;64;83;248
20.02.2025 4:52;438;21;64;83;248
20.02.2025 4:53;438;21;65;82;248
20.02.2025 4:54;438;21;64;83;248
20.02.2025 4:55;438;21;63;83;248
20.02.2025 4:56;438;19;62;108;246
20.02.2025 4:57;438;21;64;83;248
20.02.2025 4:58;438;21;65;82;248
20.02.2025 4:59;438;21;64;83;248
20.02.2025 5:00;438;21;64;83;248
20.02.2025 5:01;438;21;64;83;248
20.02.2025 5:02;438;21;65;82;248
20.02.2025 5:03;438;21;61;79;248
20.02.2025 5:04;438;21;65;82;248
20.02.2025 5:05;438;21;64;83;248
20.02.2025 5:06;438;21;65;82;248
20.02.2025 5:07;438;21;65;82;248
20.02.2025 5:08;438;21;65;82;248
20.02.2025 5:09;438;21;65;82;248
20.02.2025 5:10;438;21;64;82;248
20.02.2025 5:11;438;21;65;87;248
20.02.2025 5:12;438;21;64;89;248
20.02.2025 5:13;438;21;64;85;248
20.02.2025 5:14;438;21;65;86;248
